leg,theta_rad,x_m,y_m,z_m,eq_err
p04_l,0.000000,-0.706858,0.000000,-0.896431,6.38e-01
p04_l,0.017453,-0.722396,0.000000,-0.883958,6.38e-01
p04_l,0.034907,-0.737713,0.000000,-0.871216,6.38e-01
p04_l,0.052360,-0.752805,0.000000,-0.858209,6.38e-01
p04_l,0.069813,-0.767668,0.000000,-0.844940,6.38e-01
p04_l,0.087266,-0.782298,0.000000,-0.831413,6.38e-01
p04_l,0.104720,-0.796689,0.000000,-0.817634,6.38e-01
p04_l,0.122173,-0.810837,0.000000,-0.803605,6.38e-01
p04_l,0.139626,-0.824738,0.000000,-0.789332,6.38e-01
p04_l,0.157080,-0.838388,0.000000,-0.774818,6.38e-01
p04_l,0.174533,-0.851783,0.000000,-0.760068,6.38e-01
p04_l,0.191986,-0.864919,0.000000,-0.745086,6.38e-01
p04_l,0.209440,-0.877790,0.000000,-0.729878,6.38e-01
p04_l,0.226893,-0.890395,0.000000,-0.714447,6.38e-01
p04_l,0.244346,-0.902728,0.000000,-0.698799,6.38e-01
p04_l,0.261799,-0.914786,0.000000,-0.682938,6.38e-01
p04_l,0.279253,-0.926566,0.000000,-0.666868,6.38e-01
p04_l,0.296706,-0.938063,0.000000,-0.650596,6.38e-01
p04_l,0.314159,-0.949275,0.000000,-0.634126,6.38e-01
p04_l,0.331613,-0.960197,0.000000,-0.617462,6.38e-01
p04_l,0.349066,-0.970827,0.000000,-0.600610,6.38e-01
p04_l,0.366519,-0.981161,0.000000,-0.583575,6.38e-01
p04_l,0.383972,-0.991197,0.000000,-0.566363,6.38e-01
p04_l,0.401426,-1.000930,0.000000,-0.548978,6.38e-01
p04_l,0.418879,-1.010359,0.000000,-0.531426,6.38e-01
p04_l,0.436332,-1.019479,0.000000,-0.513711,6.38e-01
p04_l,0.453786,-1.028290,0.000000,-0.495841,6.38e-01
p04_l,0.471239,-1.036787,0.000000,-0.477819,6.38e-01
p04_l,0.488692,-1.044968,0.000000,-0.459652,6.38e-01
p04_l,0.506145,-1.052831,0.000000,-0.441345,6.38e-01
p04_l,0.523599,-1.060373,0.000000,-0.422903,6.38e-01
p04_l,0.541052,-1.067592,0.000000,-0.404333,6.38e-01
p04_l,0.558505,-1.074486,0.000000,-0.385639,6.38e-01
p04_l,0.575959,-1.081053,0.000000,-0.366828,6.38e-01
p04_l,0.593412,-1.087290,0.000000,-0.347905,6.38e-01
p04_l,0.610865,-1.093196,0.000000,-0.328876,6.38e-01
p04_l,0.628319,-1.098769,0.000000,-0.309747,6.38e-01
p04_l,0.645772,-1.104008,0.000000,-0.290524,6.46e-01
p04_l,0.663225,-1.108910,0.000000,-0.271212,6.63e-01
p04_l,0.680678,-1.113475,0.000000,-0.251818,6.81e-01
p04_l,0.698132,-1.117700,0.000000,-0.232346,6.98e-01
p04_l,0.715585,-1.121585,0.000000,-0.212804,7.16e-01
p04_l,0.733038,-1.125128,0.000000,-0.193198,7.33e-01
p04_l,0.750492,-1.128328,0.000000,-0.173532,7.50e-01
p04_l,0.767945,-1.131185,0.000000,-0.153814,7.68e-01
p04_l,0.785398,-1.133697,0.000000,-0.134048,7.85e-01
p04_l,0.802851,-1.135864,0.000000,-0.114242,8.03e-01
p04_l,0.820305,-1.137685,0.000000,-0.094401,8.20e-01
p04_l,0.837758,-1.139159,0.000000,-0.074532,8.38e-01
p04_l,0.855211,-1.140286,0.000000,-0.054639,8.55e-01
p04_l,0.872665,-1.141066,0.000000,-0.034730,8.73e-01
p04_l,0.890118,-1.141498,0.000000,-0.014810,8.90e-01
p04_l,0.907571,-1.141583,0.000000,0.005114,9.08e-01
p04_l,0.925025,-1.141320,0.000000,0.025036,9.25e-01
p04_l,0.942478,-1.140709,0.000000,0.044951,9.42e-01
p04_l,0.959931,-1.139751,0.000000,0.064853,9.60e-01
p04_l,0.977384,-1.138445,0.000000,0.084734,9.77e-01
p04_l,0.994838,-1.136793,0.000000,0.104590,9.95e-01
p04_l,1.012291,-1.134795,0.000000,0.124414,1.01e+00
p04_l,1.029744,-1.132451,0.000000,0.144200,1.03e+00
p04_l,1.047198,-1.129761,0.000000,0.163942,1.05e+00
p04_l,1.064651,-1.126728,0.000000,0.183634,1.06e+00
p04_l,1.082104,-1.123352,0.000000,0.203270,1.08e+00
p04_l,1.099557,-1.119633,0.000000,0.222844,1.10e+00
p04_l,1.117011,-1.115573,0.000000,0.242350,1.12e+00
p04_l,1.134464,-1.111174,0.000000,0.261783,1.13e+00
p04_l,1.151917,-1.106436,0.000000,0.281136,1.15e+00
p04_l,1.169371,-1.101361,0.000000,0.300403,1.17e+00
p04_l,1.186824,-1.095950,0.000000,0.319579,1.19e+00
p04_l,1.204277,-1.090206,0.000000,0.338657,1.20e+00
p04_l,1.221730,-1.084130,0.000000,0.357632,1.22e+00
p04_l,1.239184,-1.077723,0.000000,0.376498,1.24e+00
p04_l,1.256637,-1.070988,0.000000,0.395250,1.26e+00
p04_l,1.274090,-1.063927,0.000000,0.413881,1.27e+00
p04_l,1.291544,-1.056542,0.000000,0.432386,1.29e+00
p04_l,1.308997,-1.048835,0.000000,0.450759,1.31e+00
p04_l,1.326450,-1.040808,0.000000,0.468995,1.33e+00
p04_l,1.343904,-1.032464,0.000000,0.487088,1.34e+00
p04_l,1.361357,-1.023806,0.000000,0.505033,1.36e+00
p04_l,1.378810,-1.014836,0.000000,0.522824,1.38e+00
p04_l,1.396263,-1.005557,0.000000,0.540456,1.40e+00
p04_l,1.413717,-0.995972,0.000000,0.557923,1.41e+00
p04_l,1.431170,-0.986083,0.000000,0.575220,1.43e+00
p04_l,1.448623,-0.975894,0.000000,0.592342,1.45e+00
p04_l,1.466077,-0.965407,0.000000,0.609283,1.47e+00
p04_l,1.483530,-0.954627,0.000000,0.626039,1.48e+00
p04_l,1.500983,-0.943556,0.000000,0.642605,1.50e+00
p04_l,1.518436,-0.932197,0.000000,0.658974,1.52e+00
p04_l,1.535890,-0.920554,0.000000,0.675143,1.54e+00
p04_l,1.553343,-0.908631,0.000000,0.691106,1.55e+00
p04_l,1.570796,-0.896431,0.000000,0.706858,1.57e+00
p04_l,1.588250,-0.883958,0.000000,0.722396,1.59e+00
p04_l,1.605703,-0.871216,0.000000,0.737713,1.61e+00
p04_l,1.623156,-0.858209,0.000000,0.752805,1.62e+00
p04_l,1.640609,-0.844940,0.000000,0.767668,1.64e+00
p04_l,1.658063,-0.831413,0.000000,0.782298,1.66e+00
p04_l,1.675516,-0.817634,0.000000,0.796689,1.68e+00
p04_l,1.692969,-0.803605,0.000000,0.810837,1.69e+00
p04_l,1.710423,-0.789332,0.000000,0.824738,1.71e+00
p04_l,1.727876,-0.774818,0.000000,0.838388,1.73e+00
p04_l,1.745329,-0.760068,0.000000,0.851783,1.75e+00
p04_l,1.762783,-0.745086,0.000000,0.864919,1.76e+00
p04_l,1.780236,-0.729878,0.000000,0.877790,1.78e+00
p04_l,1.797689,-0.714447,0.000000,0.890395,1.80e+00
p04_l,1.815142,-0.698799,0.000000,0.902728,1.82e+00
p04_l,1.832596,-0.682938,0.000000,0.914786,1.83e+00
p04_l,1.850049,-0.666868,0.000000,0.926566,1.85e+00
p04_l,1.867502,-0.650596,0.000000,0.938063,1.87e+00
p04_l,1.884956,-0.634126,0.000000,0.949275,1.88e+00
p04_l,1.902409,-0.617462,0.000000,0.960197,1.90e+00
p04_l,1.919862,-0.600610,0.000000,0.970827,1.92e+00
p04_l,1.937315,-0.583575,0.000000,0.981161,1.94e+00
p04_l,1.954769,-0.566363,0.000000,0.991197,1.95e+00
p04_l,1.972222,-0.548978,0.000000,1.000930,1.97e+00
p04_l,1.989675,-0.531426,0.000000,1.010359,1.99e+00
p04_l,2.007129,-0.513711,0.000000,1.019479,2.01e+00
p04_l,2.024582,-0.495841,0.000000,1.028290,2.02e+00
p04_l,2.042035,-0.477819,0.000000,1.036787,2.04e+00
p04_l,2.059489,-0.459652,0.000000,1.044968,2.06e+00
p04_l,2.076942,-0.441345,0.000000,1.052831,2.08e+00
p04_l,2.094395,-0.422903,0.000000,1.060373,2.09e+00
p04_l,2.111848,-0.404333,0.000000,1.067592,2.11e+00
p04_l,2.129302,-0.385639,0.000000,1.074486,2.13e+00
p04_l,2.146755,-0.366828,0.000000,1.081053,2.15e+00
p04_l,2.164208,-0.347905,0.000000,1.087290,2.16e+00
p04_l,2.181662,-0.328876,0.000000,1.093196,2.18e+00
p04_l,2.199115,-0.309747,0.000000,1.098769,2.20e+00
p04_l,2.216568,-0.290524,0.000000,1.104008,2.22e+00
p04_l,2.234021,-0.271212,0.000000,1.108910,2.23e+00
p04_l,2.251475,-0.251818,0.000000,1.113475,2.25e+00
p04_l,2.268928,-0.232346,0.000000,1.117700,2.27e+00
p04_l,2.286381,-0.212804,0.000000,1.121585,2.29e+00
p04_l,2.303835,-0.193198,0.000000,1.125128,2.30e+00
p04_l,2.321288,-0.173532,0.000000,1.128328,2.32e+00
p04_l,2.338741,-0.153814,0.000000,1.131185,2.34e+00
p04_l,2.356194,-0.134048,0.000000,1.133697,2.36e+00
p04_l,2.373648,-0.114242,0.000000,1.135864,2.37e+00
p04_l,2.391101,-0.094401,0.000000,1.137685,2.39e+00
p04_l,2.408554,-0.074532,0.000000,1.139159,2.41e+00
p04_l,2.426008,-0.054639,0.000000,1.140286,2.43e+00
p04_l,2.443461,-0.034730,0.000000,1.141066,2.44e+00
p04_l,2.460914,-0.014810,0.000000,1.141498,2.46e+00
p04_l,2.478368,0.005114,0.000000,1.141583,2.48e+00
p04_l,2.495821,0.025036,0.000000,1.141320,2.50e+00
p04_l,2.513274,0.044951,0.000000,1.140709,2.51e+00
p04_l,2.530727,0.064853,0.000000,1.139751,2.53e+00
p04_l,2.548181,0.084734,0.000000,1.138445,2.55e+00
p04_l,2.565634,0.104590,0.000000,1.136793,2.57e+00
p04_l,2.583087,0.124414,0.000000,1.134795,2.58e+00
p04_l,2.600541,0.144200,0.000000,1.132451,2.60e+00
p04_l,2.617994,0.163942,0.000000,1.129761,2.62e+00
p04_l,2.635447,0.183634,0.000000,1.126728,2.64e+00
p04_l,2.652900,0.203270,0.000000,1.123352,2.65e+00
p04_l,2.670354,0.222844,0.000000,1.119633,2.67e+00
p04_l,2.687807,0.242350,0.000000,1.115573,2.69e+00
p04_l,2.705260,0.261783,0.000000,1.111174,2.71e+00
p04_l,2.722714,0.281136,0.000000,1.106436,2.72e+00
p04_l,2.740167,0.300403,0.000000,1.101361,2.74e+00
p04_l,2.757620,0.319579,0.000000,1.095950,2.76e+00
p04_l,2.775074,0.338657,0.000000,1.090206,2.78e+00
p04_l,2.792527,0.357632,0.000000,1.084130,2.79e+00
p04_l,2.809980,0.376498,0.000000,1.077723,2.81e+00
p04_l,2.827433,0.395250,0.000000,1.070988,2.83e+00
p04_l,2.844887,0.413881,0.000000,1.063927,2.84e+00
p04_l,2.862340,0.432386,0.000000,1.056542,2.86e+00
p04_l,2.879793,0.450759,0.000000,1.048835,2.88e+00
p04_l,2.897247,0.468995,0.000000,1.040808,2.90e+00
p04_l,2.914700,0.487088,0.000000,1.032464,2.91e+00
p04_l,2.932153,0.505033,0.000000,1.023806,2.93e+00
p04_l,2.949606,0.522824,0.000000,1.014836,2.95e+00
p04_l,2.967060,0.540456,0.000000,1.005557,2.97e+00
p04_l,2.984513,0.557923,0.000000,0.995972,2.98e+00
p04_l,3.001966,0.575220,0.000000,0.986083,3.00e+00
p04_l,3.019420,0.592342,0.000000,0.975894,3.02e+00
p04_l,3.036873,0.609283,0.000000,0.965407,3.04e+00
p04_l,3.054326,0.626039,0.000000,0.954627,3.05e+00
p04_l,3.071779,0.642605,0.000000,0.943556,3.07e+00
p04_l,3.089233,0.658974,0.000000,0.932197,3.09e+00
p04_l,3.106686,0.675143,0.000000,0.920554,3.11e+00
p04_l,3.124139,0.691106,0.000000,0.908631,3.12e+00
p04_l,3.141593,0.706858,0.000000,0.896431,3.14e+00
p04_l,3.159046,0.722396,0.000000,0.883958,3.16e+00
p04_l,3.176499,0.737713,0.000000,0.871216,3.18e+00
p04_l,3.193953,0.752805,0.000000,0.858209,3.19e+00
p04_l,3.211406,0.767668,0.000000,0.844940,3.21e+00
p04_l,3.228859,0.782298,0.000000,0.831413,3.23e+00
p04_l,3.246312,0.796689,0.000000,0.817634,3.25e+00
p04_l,3.263766,0.810837,0.000000,0.803605,3.26e+00
p04_l,3.281219,0.824738,0.000000,0.789332,3.28e+00
p04_l,3.298672,0.838388,0.000000,0.774818,3.30e+00
p04_l,3.316126,0.851783,0.000000,0.760068,3.32e+00
p04_l,3.333579,0.864919,0.000000,0.745086,3.33e+00
p04_l,3.351032,0.877790,0.000000,0.729878,3.35e+00
p04_l,3.368485,0.890395,0.000000,0.714447,3.37e+00
p04_l,3.385939,0.902728,0.000000,0.698799,3.39e+00
p04_l,3.403392,0.914786,0.000000,0.682938,3.40e+00
p04_l,3.420845,0.926566,0.000000,0.666868,3.42e+00
p04_l,3.438299,0.938063,0.000000,0.650596,3.44e+00
p04_l,3.455752,0.949275,0.000000,0.634126,3.46e+00
p04_l,3.473205,0.960197,0.000000,0.617462,3.47e+00
p04_l,3.490659,0.970827,0.000000,0.600610,3.49e+00
p04_l,3.508112,0.981161,0.000000,0.583575,3.51e+00
p04_l,3.525565,0.991197,0.000000,0.566363,3.53e+00
p04_l,3.543018,1.000930,0.000000,0.548978,3.54e+00
p04_l,3.560472,1.010359,0.000000,0.531426,3.56e+00
p04_l,3.577925,1.019479,0.000000,0.513711,3.58e+00
p04_l,3.595378,1.028290,0.000000,0.495841,3.60e+00
p04_l,3.612832,1.036787,0.000000,0.477819,3.61e+00
p04_l,3.630285,1.044968,0.000000,0.459652,3.63e+00
p04_l,3.647738,1.052831,0.000000,0.441345,3.65e+00
p04_l,3.665191,1.060373,0.000000,0.422903,3.67e+00
p04_l,3.682645,1.067592,0.000000,0.404333,3.68e+00
p04_l,3.700098,1.074486,0.000000,0.385639,3.70e+00
p04_l,3.717551,1.081053,0.000000,0.366828,3.72e+00
p04_l,3.735005,1.087290,0.000000,0.347905,3.74e+00
p04_l,3.752458,1.093196,0.000000,0.328876,3.75e+00
p04_l,3.769911,1.098769,0.000000,0.309747,3.77e+00
p04_l,3.787364,1.104008,0.000000,0.290524,3.79e+00
p04_l,3.804818,1.108910,0.000000,0.271212,3.80e+00
p04_l,3.822271,1.113475,0.000000,0.251818,3.82e+00
p04_l,3.839724,1.117700,0.000000,0.232346,3.84e+00
p04_l,3.857178,1.121585,0.000000,0.212804,3.86e+00
p04_l,3.874631,1.125128,0.000000,0.193198,3.87e+00
p04_l,3.892084,1.128328,0.000000,0.173532,3.89e+00
p04_l,3.909538,1.131185,0.000000,0.153814,3.91e+00
p04_l,3.926991,1.133697,0.000000,0.134048,3.93e+00
p04_l,3.944444,1.135864,0.000000,0.114242,3.94e+00
p04_l,3.961897,1.137685,0.000000,0.094401,3.96e+00
p04_l,3.979351,1.139159,0.000000,0.074532,3.98e+00
p04_l,3.996804,1.140286,0.000000,0.054639,4.00e+00
p04_l,4.014257,1.141066,0.000000,0.034730,4.01e+00
p04_l,4.031711,1.141498,0.000000,0.014810,4.03e+00
p04_l,4.049164,1.141583,0.000000,-0.005114,4.05e+00
p04_l,4.066617,1.141320,0.000000,-0.025036,4.07e+00
p04_l,4.084070,1.140709,0.000000,-0.044951,4.08e+00
p04_l,4.101524,1.139751,0.000000,-0.064853,4.10e+00
p04_l,4.118977,1.138445,0.000000,-0.084734,4.12e+00
p04_l,4.136430,1.136793,0.000000,-0.104590,4.14e+00
p04_l,4.153884,1.134795,0.000000,-0.124414,4.15e+00
p04_l,4.171337,1.132451,0.000000,-0.144200,4.17e+00
p04_l,4.188790,1.129761,0.000000,-0.163942,4.19e+00
p04_l,4.206243,1.126728,0.000000,-0.183634,4.21e+00
p04_l,4.223697,1.123352,0.000000,-0.203270,4.22e+00
p04_l,4.241150,1.119633,0.000000,-0.222844,4.24e+00
p04_l,4.258603,1.115573,0.000000,-0.242350,4.26e+00
p04_l,4.276057,1.111174,0.000000,-0.261783,4.28e+00
p04_l,4.293510,1.106436,0.000000,-0.281136,4.29e+00
p04_l,4.310963,1.101361,0.000000,-0.300403,4.31e+00
p04_l,4.328417,1.095950,0.000000,-0.319579,4.33e+00
p04_l,4.345870,1.090206,0.000000,-0.338657,4.35e+00
p04_l,4.363323,1.084130,0.000000,-0.357632,4.36e+00
p04_l,4.380776,1.077723,0.000000,-0.376498,4.38e+00
p04_l,4.398230,1.070988,0.000000,-0.395250,4.40e+00
p04_l,4.415683,1.063927,0.000000,-0.413881,4.42e+00
p04_l,4.433136,1.056542,0.000000,-0.432386,4.43e+00
p04_l,4.450590,1.048835,0.000000,-0.450759,4.45e+00
p04_l,4.468043,1.040808,0.000000,-0.468995,4.47e+00
p04_l,4.485496,1.032464,0.000000,-0.487088,4.49e+00
p04_l,4.502949,1.023806,0.000000,-0.505033,4.50e+00
p04_l,4.520403,1.014836,0.000000,-0.522824,4.52e+00
p04_l,4.537856,1.005557,0.000000,-0.540456,4.54e+00
p04_l,4.555309,0.995972,0.000000,-0.557923,4.56e+00
p04_l,4.572763,0.986083,0.000000,-0.575220,4.57e+00
p04_l,4.590216,0.975894,0.000000,-0.592342,4.59e+00
p04_l,4.607669,0.965407,0.000000,-0.609283,4.61e+00
p04_l,4.625123,0.954627,0.000000,-0.626039,4.63e+00
p04_l,4.642576,0.943556,0.000000,-0.642605,4.64e+00
p04_l,4.660029,0.932197,0.000000,-0.658974,4.66e+00
p04_l,4.677482,0.920554,0.000000,-0.675143,4.68e+00
p04_l,4.694936,0.908631,0.000000,-0.691106,4.69e+00
p04_l,4.712389,0.896431,0.000000,-0.706858,4.71e+00
p04_l,4.729842,0.883958,0.000000,-0.722396,4.73e+00
p04_l,4.747296,0.871216,0.000000,-0.737713,4.75e+00
p04_l,4.764749,0.858209,0.000000,-0.752805,4.76e+00
p04_l,4.782202,0.844940,0.000000,-0.767668,4.78e+00
p04_l,4.799655,0.831413,0.000000,-0.782298,4.80e+00
p04_l,4.817109,0.817634,0.000000,-0.796689,4.82e+00
p04_l,4.834562,0.803605,0.000000,-0.810837,4.83e+00
p04_l,4.852015,0.789332,0.000000,-0.824738,4.85e+00
p04_l,4.869469,0.774818,0.000000,-0.838388,4.87e+00
p04_l,4.886922,0.760068,0.000000,-0.851783,4.89e+00
p04_l,4.904375,0.745086,0.000000,-0.864919,4.90e+00
p04_l,4.921828,0.729878,0.000000,-0.877790,4.92e+00
p04_l,4.939282,0.714447,0.000000,-0.890395,4.94e+00
p04_l,4.956735,0.698799,0.000000,-0.902728,4.96e+00
p04_l,4.974188,0.682938,0.000000,-0.914786,4.97e+00
p04_l,4.991642,0.666868,0.000000,-0.926566,4.99e+00
p04_l,5.009095,0.650596,0.000000,-0.938063,5.01e+00
p04_l,5.026548,0.634126,0.000000,-0.949275,5.03e+00
p04_l,5.044002,0.617462,0.000000,-0.960197,5.04e+00
p04_l,5.061455,0.600610,0.000000,-0.970827,5.06e+00
p04_l,5.078908,0.583575,0.000000,-0.981161,5.08e+00
p04_l,5.096361,0.566363,0.000000,-0.991197,5.10e+00
p04_l,5.113815,0.548978,0.000000,-1.000930,5.11e+00
p04_l,5.131268,0.531426,0.000000,-1.010359,5.13e+00
p04_l,5.148721,0.513711,0.000000,-1.019479,5.15e+00
p04_l,5.166175,0.495841,0.000000,-1.028290,5.17e+00
p04_l,5.183628,0.477819,0.000000,-1.036787,5.18e+00
p04_l,5.201081,0.459652,0.000000,-1.044968,5.20e+00
p04_l,5.218534,0.441345,0.000000,-1.052831,5.22e+00
p04_l,5.235988,0.422903,0.000000,-1.060373,5.24e+00
p04_l,5.253441,0.404333,0.000000,-1.067592,5.25e+00
p04_l,5.270894,0.385639,0.000000,-1.074486,5.27e+00
p04_l,5.288348,0.366828,0.000000,-1.081053,5.29e+00
p04_l,5.305801,0.347905,0.000000,-1.087290,5.31e+00
p04_l,5.323254,0.328876,0.000000,-1.093196,5.32e+00
p04_l,5.340708,0.309747,0.000000,-1.098769,5.34e+00
p04_l,5.358161,0.290524,0.000000,-1.104008,5.36e+00
p04_l,5.375614,0.271212,0.000000,-1.108910,5.38e+00
p04_l,5.393067,0.251818,0.000000,-1.113475,5.39e+00
p04_l,5.410521,0.232346,0.000000,-1.117700,5.41e+00
p04_l,5.427974,0.212804,0.000000,-1.121585,5.43e+00
p04_l,5.445427,0.193198,0.000000,-1.125128,5.45e+00
p04_l,5.462881,0.173532,0.000000,-1.128328,5.46e+00
p04_l,5.480334,0.153814,0.000000,-1.131185,5.48e+00
p04_l,5.497787,0.134048,0.000000,-1.133697,5.50e+00
p04_l,5.515240,0.114242,0.000000,-1.135864,5.52e+00
p04_l,5.532694,0.094401,0.000000,-1.137685,5.53e+00
p04_l,5.550147,0.074532,0.000000,-1.139159,5.55e+00
p04_l,5.567600,0.054639,0.000000,-1.140286,5.57e+00
p04_l,5.585054,0.034730,0.000000,-1.141066,5.59e+00
p04_l,5.602507,0.014810,0.000000,-1.141498,5.60e+00
p04_l,5.619960,-0.005114,0.000000,-1.141583,5.62e+00
p04_l,5.637413,-0.025036,0.000000,-1.141320,5.64e+00
p04_l,5.654867,-0.044951,0.000000,-1.140709,5.65e+00
p04_l,5.672320,-0.064853,0.000000,-1.139751,5.67e+00
p04_l,5.689773,-0.084734,0.000000,-1.138445,5.69e+00
p04_l,5.707227,-0.104590,0.000000,-1.136793,5.71e+00
p04_l,5.724680,-0.124414,0.000000,-1.134795,5.72e+00
p04_l,5.742133,-0.144200,0.000000,-1.132451,5.74e+00
p04_l,5.759587,-0.163942,0.000000,-1.129761,5.76e+00
p04_l,5.777040,-0.183634,0.000000,-1.126728,5.78e+00
p04_l,5.794493,-0.203270,0.000000,-1.123352,5.79e+00
p04_l,5.811946,-0.222844,0.000000,-1.119633,5.81e+00
p04_l,5.829400,-0.242350,0.000000,-1.115573,5.83e+00
p04_l,5.846853,-0.261783,0.000000,-1.111174,5.85e+00
p04_l,5.864306,-0.281136,0.000000,-1.106436,5.86e+00
p04_l,5.881760,-0.300403,0.000000,-1.101361,5.88e+00
p04_l,5.899213,-0.319579,0.000000,-1.095950,5.90e+00
p04_l,5.916666,-0.338657,0.000000,-1.090206,5.92e+00
p04_l,5.934119,-0.357632,0.000000,-1.084130,5.93e+00
p04_l,5.951573,-0.376498,0.000000,-1.077723,5.95e+00
p04_l,5.969026,-0.395250,0.000000,-1.070988,5.97e+00
p04_l,5.986479,-0.413881,0.000000,-1.063927,5.99e+00
p04_l,6.003933,-0.432386,0.000000,-1.056542,6.00e+00
p04_l,6.021386,-0.450759,0.000000,-1.048835,6.02e+00
p04_l,6.038839,-0.468995,0.000000,-1.040808,6.04e+00
p04_l,6.056293,-0.487088,0.000000,-1.032464,6.06e+00
p04_l,6.073746,-0.505033,0.000000,-1.023806,6.07e+00
p04_l,6.091199,-0.522824,0.000000,-1.014836,6.09e+00
p04_l,6.108652,-0.540456,0.000000,-1.005557,6.11e+00
p04_l,6.126106,-0.557923,0.000000,-0.995972,6.13e+00
p04_l,6.143559,-0.575220,0.000000,-0.986083,6.14e+00
p04_l,6.161012,-0.592342,0.000000,-0.975894,6.16e+00
p04_l,6.178466,-0.609283,0.000000,-0.965407,6.18e+00
p04_l,6.195919,-0.626039,0.000000,-0.954627,6.20e+00
p04_l,6.213372,-0.642605,0.000000,-0.943556,6.21e+00
p04_l,6.230825,-0.658974,0.000000,-0.932197,6.23e+00
p04_l,6.248279,-0.675143,0.000000,-0.920554,6.25e+00
p04_l,6.265732,-0.691106,0.000000,-0.908631,6.27e+00
p04_r,0.000000,0.077231,0.000000,-0.903955,6.38e-01
p04_r,0.017453,0.061443,0.000000,-0.905166,6.38e-01
p04_r,0.034907,0.045636,0.000000,-0.906100,6.38e-01
p04_r,0.052360,0.029816,0.000000,-0.906759,6.38e-01
p04_r,0.069813,0.013986,0.000000,-0.907141,6.38e-01
p04_r,0.087266,-0.001848,0.000000,-0.907247,6.38e-01
p04_r,0.104720,-0.017681,0.000000,-0.907076,6.38e-01
p04_r,0.122173,-0.033509,0.000000,-0.906630,6.38e-01
p04_r,0.139626,-0.049327,0.000000,-0.905907,6.38e-01
p04_r,0.157080,-0.065130,0.000000,-0.904908,6.38e-01
p04_r,0.174533,-0.080913,0.000000,-0.903633,6.38e-01
p04_r,0.191986,-0.096671,0.000000,-0.902084,6.38e-01
p04_r,0.209440,-0.112400,0.000000,-0.900259,6.38e-01
p04_r,0.226893,-0.128094,0.000000,-0.898160,6.38e-01
p04_r,0.244346,-0.143750,0.000000,-0.895788,6.38e-01
p04_r,0.261799,-0.159362,0.000000,-0.893143,6.38e-01
p04_r,0.279253,-0.174925,0.000000,-0.890225,6.38e-01
p04_r,0.296706,-0.190435,0.000000,-0.887037,6.38e-01
p04_r,0.314159,-0.205887,0.000000,-0.883578,6.38e-01
p04_r,0.331613,-0.221276,0.000000,-0.879851,6.38e-01
p04_r,0.349066,-0.236598,0.000000,-0.875855,6.38e-01
p04_r,0.366519,-0.251848,0.000000,-0.871592,6.38e-01
p04_r,0.383972,-0.267021,0.000000,-0.867064,6.38e-01
p04_r,0.401426,-0.282112,0.000000,-0.862272,6.38e-01
p04_r,0.418879,-0.297118,0.000000,-0.857217,6.38e-01
p04_r,0.436332,-0.312033,0.000000,-0.851901,6.38e-01
p04_r,0.453786,-0.326853,0.000000,-0.846325,6.38e-01
p04_r,0.471239,-0.341574,0.000000,-0.840492,6.38e-01
p04_r,0.488692,-0.356191,0.000000,-0.834403,6.38e-01
p04_r,0.506145,-0.370699,0.000000,-0.828059,6.38e-01
p04_r,0.523599,-0.385094,0.000000,-0.821464,6.38e-01
p04_r,0.541052,-0.399372,0.000000,-0.814618,6.38e-01
p04_r,0.558505,-0.413528,0.000000,-0.807524,6.38e-01
p04_r,0.575959,-0.427558,0.000000,-0.800184,6.38e-01
p04_r,0.593412,-0.441458,0.000000,-0.792600,6.38e-01
p04_r,0.610865,-0.455224,0.000000,-0.784775,6.38e-01
p04_r,0.628319,-0.468851,0.000000,-0.776710,6.38e-01
p04_r,0.645772,-0.482335,0.000000,-0.768410,6.46e-01
p04_r,0.663225,-0.495672,0.000000,-0.759875,6.63e-01
p04_r,0.680678,-0.508858,0.000000,-0.751108,6.81e-01
p04_r,0.698132,-0.521889,0.000000,-0.742113,6.98e-01
p04_r,0.715585,-0.534761,0.000000,-0.732892,7.16e-01
p04_r,0.733038,-0.547471,0.000000,-0.723447,7.33e-01
p04_r,0.750492,-0.560013,0.000000,-0.713782,7.50e-01
p04_r,0.767945,-0.572385,0.000000,-0.703900,7.68e-01
p04_r,0.785398,-0.584583,0.000000,-0.693803,7.85e-01
p04_r,0.802851,-0.596602,0.000000,-0.683495,8.03e-01
p04_r,0.820305,-0.608440,0.000000,-0.672979,8.20e-01
p04_r,0.837758,-0.620092,0.000000,-0.662258,8.38e-01
p04_r,0.855211,-0.631556,0.000000,-0.651335,8.55e-01
p04_r,0.872665,-0.642827,0.000000,-0.640214,8.73e-01
p04_r,0.890118,-0.653902,0.000000,-0.628897,8.90e-01
p04_r,0.907571,-0.664779,0.000000,-0.617389,9.08e-01
p04_r,0.925025,-0.675452,0.000000,-0.605693,9.25e-01
p04_r,0.942478,-0.685920,0.000000,-0.593813,9.42e-01
p04_r,0.959931,-0.696179,0.000000,-0.581751,9.60e-01
p04_r,0.977384,-0.706226,0.000000,-0.569513,9.77e-01
p04_r,0.994838,-0.716058,0.000000,-0.557101,9.95e-01
p04_r,1.012291,-0.725672,0.000000,-0.544519,1.01e+00
p04_r,1.029744,-0.735064,0.000000,-0.531771,1.03e+00
p04_r,1.047198,-0.744233,0.000000,-0.518862,1.05e+00
p04_r,1.064651,-0.753175,0.000000,-0.505794,1.06e+00
p04_r,1.082104,-0.761888,0.000000,-0.492572,1.08e+00
p04_r,1.099557,-0.770368,0.000000,-0.479200,1.10e+00
p04_r,1.117011,-0.778614,0.000000,-0.465683,1.12e+00
p04_r,1.134464,-0.786623,0.000000,-0.452023,1.13e+00
p04_r,1.151917,-0.794392,0.000000,-0.438226,1.15e+00
p04_r,1.169371,-0.801919,0.000000,-0.424295,1.17e+00
p04_r,1.186824,-0.809202,0.000000,-0.410235,1.19e+00
p04_r,1.204277,-0.816238,0.000000,-0.396050,1.20e+00
p04_r,1.221730,-0.823026,0.000000,-0.381744,1.22e+00
p04_r,1.239184,-0.829563,0.000000,-0.367322,1.24e+00
p04_r,1.256637,-0.835847,0.000000,-0.352788,1.26e+00
p04_r,1.274090,-0.841877,0.000000,-0.338147,1.27e+00
p04_r,1.291544,-0.847650,0.000000,-0.323403,1.29e+00
p04_r,1.308997,-0.853165,0.000000,-0.308560,1.31e+00
p04_r,1.326450,-0.858420,0.000000,-0.293623,1.33e+00
p04_r,1.343904,-0.863414,0.000000,-0.278597,1.34e+00
p04_r,1.361357,-0.868145,0.000000,-0.263486,1.36e+00
p04_r,1.378810,-0.872611,0.000000,-0.248295,1.38e+00
p04_r,1.396263,-0.876811,0.000000,-0.233028,1.40e+00
p04_r,1.413717,-0.880745,0.000000,-0.217690,1.41e+00
p04_r,1.431170,-0.884410,0.000000,-0.202285,1.43e+00
p04_r,1.448623,-0.887805,0.000000,-0.186820,1.45e+00
p04_r,1.466077,-0.890931,0.000000,-0.171297,1.47e+00
p04_r,1.483530,-0.893784,0.000000,-0.155722,1.48e+00
p04_r,1.500983,-0.896366,0.000000,-0.140099,1.50e+00
p04_r,1.518436,-0.898675,0.000000,-0.124434,1.52e+00
p04_r,1.535890,-0.900709,0.000000,-0.108731,1.54e+00
p04_r,1.553343,-0.902470,0.000000,-0.092995,1.55e+00
p04_r,1.570796,-0.903955,0.000000,-0.077231,1.57e+00
p04_r,1.588250,-0.905166,0.000000,-0.061443,1.59e+00
p04_r,1.605703,-0.906100,0.000000,-0.045636,1.61e+00
p04_r,1.623156,-0.906759,0.000000,-0.029816,1.62e+00
p04_r,1.640609,-0.907141,0.000000,-0.013986,1.64e+00
p04_r,1.658063,-0.907247,0.000000,0.001848,1.66e+00
p04_r,1.675516,-0.907076,0.000000,0.017681,1.68e+00
p04_r,1.692969,-0.906630,0.000000,0.033509,1.69e+00
p04_r,1.710423,-0.905907,0.000000,0.049327,1.71e+00
p04_r,1.727876,-0.904908,0.000000,0.065130,1.73e+00
p04_r,1.745329,-0.903633,0.000000,0.080913,1.75e+00
p04_r,1.762783,-0.902084,0.000000,0.096671,1.76e+00
p04_r,1.780236,-0.900259,0.000000,0.112400,1.78e+00
p04_r,1.797689,-0.898160,0.000000,0.128094,1.80e+00
p04_r,1.815142,-0.895788,0.000000,0.143750,1.82e+00
p04_r,1.832596,-0.893143,0.000000,0.159362,1.83e+00
p04_r,1.850049,-0.890225,0.000000,0.174925,1.85e+00
p04_r,1.867502,-0.887037,0.000000,0.190435,1.87e+00
p04_r,1.884956,-0.883578,0.000000,0.205887,1.88e+00
p04_r,1.902409,-0.879851,0.000000,0.221276,1.90e+00
p04_r,1.919862,-0.875855,0.000000,0.236598,1.92e+00
p04_r,1.937315,-0.871592,0.000000,0.251848,1.94e+00
p04_r,1.954769,-0.867064,0.000000,0.267021,1.95e+00
p04_r,1.972222,-0.862272,0.000000,0.282112,1.97e+00
p04_r,1.989675,-0.857217,0.000000,0.297118,1.99e+00
p04_r,2.007129,-0.851901,0.000000,0.312033,2.01e+00
p04_r,2.024582,-0.846325,0.000000,0.326853,2.02e+00
p04_r,2.042035,-0.840492,0.000000,0.341574,2.04e+00
p04_r,2.059489,-0.834403,0.000000,0.356191,2.06e+00
p04_r,2.076942,-0.828059,0.000000,0.370699,2.08e+00
p04_r,2.094395,-0.821464,0.000000,0.385094,2.09e+00
p04_r,2.111848,-0.814618,0.000000,0.399372,2.11e+00
p04_r,2.129302,-0.807524,0.000000,0.413528,2.13e+00
p04_r,2.146755,-0.800184,0.000000,0.427558,2.15e+00
p04_r,2.164208,-0.792600,0.000000,0.441458,2.16e+00
p04_r,2.181662,-0.784775,0.000000,0.455224,2.18e+00
p04_r,2.199115,-0.776710,0.000000,0.468851,2.20e+00
p04_r,2.216568,-0.768410,0.000000,0.482335,2.22e+00
p04_r,2.234021,-0.759875,0.000000,0.495672,2.23e+00
p04_r,2.251475,-0.751108,0.000000,0.508858,2.25e+00
p04_r,2.268928,-0.742113,0.000000,0.521889,2.27e+00
p04_r,2.286381,-0.732892,0.000000,0.534761,2.29e+00
p04_r,2.303835,-0.723447,0.000000,0.547471,2.30e+00
p04_r,2.321288,-0.713782,0.000000,0.560013,2.32e+00
p04_r,2.338741,-0.703900,0.000000,0.572385,2.34e+00
p04_r,2.356194,-0.693803,0.000000,0.584583,2.36e+00
p04_r,2.373648,-0.683495,0.000000,0.596602,2.37e+00
p04_r,2.391101,-0.672979,0.000000,0.608440,2.39e+00
p04_r,2.408554,-0.662258,0.000000,0.620092,2.41e+00
p04_r,2.426008,-0.651335,0.000000,0.631556,2.43e+00
p04_r,2.443461,-0.640214,0.000000,0.642827,2.44e+00
p04_r,2.460914,-0.628897,0.000000,0.653902,2.46e+00
p04_r,2.478368,-0.617389,0.000000,0.664779,2.48e+00
p04_r,2.495821,-0.605693,0.000000,0.675452,2.50e+00
p04_r,2.513274,-0.593813,0.000000,0.685920,2.51e+00
p04_r,2.530727,-0.581751,0.000000,0.696179,2.53e+00
p04_r,2.548181,-0.569513,0.000000,0.706226,2.55e+00
p04_r,2.565634,-0.557101,0.000000,0.716058,2.57e+00
p04_r,2.583087,-0.544519,0.000000,0.725672,2.58e+00
p04_r,2.600541,-0.531771,0.000000,0.735064,2.60e+00
p04_r,2.617994,-0.518862,0.000000,0.744233,2.62e+00
p04_r,2.635447,-0.505794,0.000000,0.753175,2.64e+00
p04_r,2.652900,-0.492572,0.000000,0.761888,2.65e+00
p04_r,2.670354,-0.479200,0.000000,0.770368,2.67e+00
p04_r,2.687807,-0.465683,0.000000,0.778614,2.69e+00
p04_r,2.705260,-0.452023,0.000000,0.786623,2.71e+00
p04_r,2.722714,-0.438226,0.000000,0.794392,2.72e+00
p04_r,2.740167,-0.424295,0.000000,0.801919,2.74e+00
p04_r,2.757620,-0.410235,0.000000,0.809202,2.76e+00
p04_r,2.775074,-0.396050,0.000000,0.816238,2.78e+00
p04_r,2.792527,-0.381744,0.000000,0.823026,2.79e+00
p04_r,2.809980,-0.367322,0.000000,0.829563,2.81e+00
p04_r,2.827433,-0.352788,0.000000,0.835847,2.83e+00
p04_r,2.844887,-0.338147,0.000000,0.841877,2.84e+00
p04_r,2.862340,-0.323403,0.000000,0.847650,2.86e+00
p04_r,2.879793,-0.308560,0.000000,0.853165,2.88e+00
p04_r,2.897247,-0.293623,0.000000,0.858420,2.90e+00
p04_r,2.914700,-0.278597,0.000000,0.863414,2.91e+00
p04_r,2.932153,-0.263486,0.000000,0.868145,2.93e+00
p04_r,2.949606,-0.248295,0.000000,0.872611,2.95e+00
p04_r,2.967060,-0.233028,0.000000,0.876811,2.97e+00
p04_r,2.984513,-0.217690,0.000000,0.880745,2.98e+00
p04_r,3.001966,-0.202285,0.000000,0.884410,3.00e+00
p04_r,3.019420,-0.186820,0.000000,0.887805,3.02e+00
p04_r,3.036873,-0.171297,0.000000,0.890931,3.04e+00
p04_r,3.054326,-0.155722,0.000000,0.893784,3.05e+00
p04_r,3.071779,-0.140099,0.000000,0.896366,3.07e+00
p04_r,3.089233,-0.124434,0.000000,0.898675,3.09e+00
p04_r,3.106686,-0.108731,0.000000,0.900709,3.11e+00
p04_r,3.124139,-0.092995,0.000000,0.902470,3.12e+00
p04_r,3.141593,-0.077231,0.000000,0.903955,3.14e+00
p04_r,3.159046,-0.061443,0.000000,0.905166,3.16e+00
p04_r,3.176499,-0.045636,0.000000,0.906100,3.18e+00
p04_r,3.193953,-0.029816,0.000000,0.906759,3.19e+00
p04_r,3.211406,-0.013986,0.000000,0.907141,3.21e+00
p04_r,3.228859,0.001848,0.000000,0.907247,3.23e+00
p04_r,3.246312,0.017681,0.000000,0.907076,3.25e+00
p04_r,3.263766,0.033509,0.000000,0.906630,3.26e+00
p04_r,3.281219,0.049327,0.000000,0.905907,3.28e+00
p04_r,3.298672,0.065130,0.000000,0.904908,3.30e+00
p04_r,3.316126,0.080913,0.000000,0.903633,3.32e+00
p04_r,3.333579,0.096671,0.000000,0.902084,3.33e+00
p04_r,3.351032,0.112400,0.000000,0.900259,3.35e+00
p04_r,3.368485,0.128094,0.000000,0.898160,3.37e+00
p04_r,3.385939,0.143750,0.000000,0.895788,3.39e+00
p04_r,3.403392,0.159362,0.000000,0.893143,3.40e+00
p04_r,3.420845,0.174925,0.000000,0.890225,3.42e+00
p04_r,3.438299,0.190435,0.000000,0.887037,3.44e+00
p04_r,3.455752,0.205887,0.000000,0.883578,3.46e+00
p04_r,3.473205,0.221276,0.000000,0.879851,3.47e+00
p04_r,3.490659,0.236598,0.000000,0.875855,3.49e+00
p04_r,3.508112,0.251848,0.000000,0.871592,3.51e+00
p04_r,3.525565,0.267021,0.000000,0.867064,3.53e+00
p04_r,3.543018,0.282112,0.000000,0.862272,3.54e+00
p04_r,3.560472,0.297118,0.000000,0.857217,3.56e+00
p04_r,3.577925,0.312033,0.000000,0.851901,3.58e+00
p04_r,3.595378,0.326853,0.000000,0.846325,3.60e+00
p04_r,3.612832,0.341574,0.000000,0.840492,3.61e+00
p04_r,3.630285,0.356191,0.000000,0.834403,3.63e+00
p04_r,3.647738,0.370699,0.000000,0.828059,3.65e+00
p04_r,3.665191,0.385094,0.000000,0.821464,3.67e+00
p04_r,3.682645,0.399372,0.000000,0.814618,3.68e+00
p04_r,3.700098,0.413528,0.000000,0.807524,3.70e+00
p04_r,3.717551,0.427558,0.000000,0.800184,3.72e+00
p04_r,3.735005,0.441458,0.000000,0.792600,3.74e+00
p04_r,3.752458,0.455224,0.000000,0.784775,3.75e+00
p04_r,3.769911,0.468851,0.000000,0.776710,3.77e+00
p04_r,3.787364,0.482335,0.000000,0.768410,3.79e+00
p04_r,3.804818,0.495672,0.000000,0.759875,3.80e+00
p04_r,3.822271,0.508858,0.000000,0.751108,3.82e+00
p04_r,3.839724,0.521889,0.000000,0.742113,3.84e+00
p04_r,3.857178,0.534761,0.000000,0.732892,3.86e+00
p04_r,3.874631,0.547471,0.000000,0.723447,3.87e+00
p04_r,3.892084,0.560013,0.000000,0.713782,3.89e+00
p04_r,3.909538,0.572385,0.000000,0.703900,3.91e+00
p04_r,3.926991,0.584583,0.000000,0.693803,3.93e+00
p04_r,3.944444,0.596602,0.000000,0.683495,3.94e+00
p04_r,3.961897,0.608440,0.000000,0.672979,3.96e+00
p04_r,3.979351,0.620092,0.000000,0.662258,3.98e+00
p04_r,3.996804,0.631556,0.000000,0.651335,4.00e+00
p04_r,4.014257,0.642827,0.000000,0.640214,4.01e+00
p04_r,4.031711,0.653902,0.000000,0.628897,4.03e+00
p04_r,4.049164,0.664779,0.000000,0.617389,4.05e+00
p04_r,4.066617,0.675452,0.000000,0.605693,4.07e+00
p04_r,4.084070,0.685920,0.000000,0.593813,4.08e+00
p04_r,4.101524,0.696179,0.000000,0.581751,4.10e+00
p04_r,4.118977,0.706226,0.000000,0.569513,4.12e+00
p04_r,4.136430,0.716058,0.000000,0.557101,4.14e+00
p04_r,4.153884,0.725672,0.000000,0.544519,4.15e+00
p04_r,4.171337,0.735064,0.000000,0.531771,4.17e+00
p04_r,4.188790,0.744233,0.000000,0.518862,4.19e+00
p04_r,4.206243,0.753175,0.000000,0.505794,4.21e+00
p04_r,4.223697,0.761888,0.000000,0.492572,4.22e+00
p04_r,4.241150,0.770368,0.000000,0.479200,4.24e+00
p04_r,4.258603,0.778614,0.000000,0.465683,4.26e+00
p04_r,4.276057,0.786623,0.000000,0.452023,4.28e+00
p04_r,4.293510,0.794392,0.000000,0.438226,4.29e+00
p04_r,4.310963,0.801919,0.000000,0.424295,4.31e+00
p04_r,4.328417,0.809202,0.000000,0.410235,4.33e+00
p04_r,4.345870,0.816238,0.000000,0.396050,4.35e+00
p04_r,4.363323,0.823026,0.000000,0.381744,4.36e+00
p04_r,4.380776,0.829563,0.000000,0.367322,4.38e+00
p04_r,4.398230,0.835847,0.000000,0.352788,4.40e+00
p04_r,4.415683,0.841877,0.000000,0.338147,4.42e+00
p04_r,4.433136,0.847650,0.000000,0.323403,4.43e+00
p04_r,4.450590,0.853165,0.000000,0.308560,4.45e+00
p04_r,4.468043,0.858420,0.000000,0.293623,4.47e+00
p04_r,4.485496,0.863414,0.000000,0.278597,4.49e+00
p04_r,4.502949,0.868145,0.000000,0.263486,4.50e+00
p04_r,4.520403,0.872611,0.000000,0.248295,4.52e+00
p04_r,4.537856,0.876811,0.000000,0.233028,4.54e+00
p04_r,4.555309,0.880745,0.000000,0.217690,4.56e+00
p04_r,4.572763,0.884410,0.000000,0.202285,4.57e+00
p04_r,4.590216,0.887805,0.000000,0.186820,4.59e+00
p04_r,4.607669,0.890931,0.000000,0.171297,4.61e+00
p04_r,4.625123,0.893784,0.000000,0.155722,4.63e+00
p04_r,4.642576,0.896366,0.000000,0.140099,4.64e+00
p04_r,4.660029,0.898675,0.000000,0.124434,4.66e+00
p04_r,4.677482,0.900709,0.000000,0.108731,4.68e+00
p04_r,4.694936,0.902470,0.000000,0.092995,4.69e+00
p04_r,4.712389,0.903955,0.000000,0.077231,4.71e+00
p04_r,4.729842,0.905166,0.000000,0.061443,4.73e+00
p04_r,4.747296,0.906100,0.000000,0.045636,4.75e+00
p04_r,4.764749,0.906759,0.000000,0.029816,4.76e+00
p04_r,4.782202,0.907141,0.000000,0.013986,4.78e+00
p04_r,4.799655,0.907247,0.000000,-0.001848,4.80e+00
p04_r,4.817109,0.907076,0.000000,-0.017681,4.82e+00
p04_r,4.834562,0.906630,0.000000,-0.033509,4.83e+00
p04_r,4.852015,0.905907,0.000000,-0.049327,4.85e+00
p04_r,4.869469,0.904908,0.000000,-0.065130,4.87e+00
p04_r,4.886922,0.903633,0.000000,-0.080913,4.89e+00
p04_r,4.904375,0.902084,0.000000,-0.096671,4.90e+00
p04_r,4.921828,0.900259,0.000000,-0.112400,4.92e+00
p04_r,4.939282,0.898160,0.000000,-0.128094,4.94e+00
p04_r,4.956735,0.895788,0.000000,-0.143750,4.96e+00
p04_r,4.974188,0.893143,0.000000,-0.159362,4.97e+00
p04_r,4.991642,0.890225,0.000000,-0.174925,4.99e+00
p04_r,5.009095,0.887037,0.000000,-0.190435,5.01e+00
p04_r,5.026548,0.883578,0.000000,-0.205887,5.03e+00
p04_r,5.044002,0.879851,0.000000,-0.221276,5.04e+00
p04_r,5.061455,0.875855,0.000000,-0.236598,5.06e+00
p04_r,5.078908,0.871592,0.000000,-0.251848,5.08e+00
p04_r,5.096361,0.867064,0.000000,-0.267021,5.10e+00
p04_r,5.113815,0.862272,0.000000,-0.282112,5.11e+00
p04_r,5.131268,0.857217,0.000000,-0.297118,5.13e+00
p04_r,5.148721,0.851901,0.000000,-0.312033,5.15e+00
p04_r,5.166175,0.846325,0.000000,-0.326853,5.17e+00
p04_r,5.183628,0.840492,0.000000,-0.341574,5.18e+00
p04_r,5.201081,0.834403,0.000000,-0.356191,5.20e+00
p04_r,5.218534,0.828059,0.000000,-0.370699,5.22e+00
p04_r,5.235988,0.821464,0.000000,-0.385094,5.24e+00
p04_r,5.253441,0.814618,0.000000,-0.399372,5.25e+00
p04_r,5.270894,0.807524,0.000000,-0.413528,5.27e+00
p04_r,5.288348,0.800184,0.000000,-0.427558,5.29e+00
p04_r,5.305801,0.792600,0.000000,-0.441458,5.31e+00
p04_r,5.323254,0.784775,0.000000,-0.455224,5.32e+00
p04_r,5.340708,0.776710,0.000000,-0.468851,5.34e+00
p04_r,5.358161,0.768410,0.000000,-0.482335,5.36e+00
p04_r,5.375614,0.759875,0.000000,-0.495672,5.38e+00
p04_r,5.393067,0.751108,0.000000,-0.508858,5.39e+00
p04_r,5.410521,0.742113,0.000000,-0.521889,5.41e+00
p04_r,5.427974,0.732892,0.000000,-0.534761,5.43e+00
p04_r,5.445427,0.723447,0.000000,-0.547471,5.45e+00
p04_r,5.462881,0.713782,0.000000,-0.560013,5.46e+00
p04_r,5.480334,0.703900,0.000000,-0.572385,5.48e+00
p04_r,5.497787,0.693803,0.000000,-0.584583,5.50e+00
p04_r,5.515240,0.683495,0.000000,-0.596602,5.52e+00
p04_r,5.532694,0.672979,0.000000,-0.608440,5.53e+00
p04_r,5.550147,0.662258,0.000000,-0.620092,5.55e+00
p04_r,5.567600,0.651335,0.000000,-0.631556,5.57e+00
p04_r,5.585054,0.640214,0.000000,-0.642827,5.59e+00
p04_r,5.602507,0.628897,0.000000,-0.653902,5.60e+00
p04_r,5.619960,0.617389,0.000000,-0.664779,5.62e+00
p04_r,5.637413,0.605693,0.000000,-0.675452,5.64e+00
p04_r,5.654867,0.593813,0.000000,-0.685920,5.65e+00
p04_r,5.672320,0.581751,0.000000,-0.696179,5.67e+00
p04_r,5.689773,0.569513,0.000000,-0.706226,5.69e+00
p04_r,5.707227,0.557101,0.000000,-0.716058,5.71e+00
p04_r,5.724680,0.544519,0.000000,-0.725672,5.72e+00
p04_r,5.742133,0.531771,0.000000,-0.735064,5.74e+00
p04_r,5.759587,0.518862,0.000000,-0.744233,5.76e+00
p04_r,5.777040,0.505794,0.000000,-0.753175,5.78e+00
p04_r,5.794493,0.492572,0.000000,-0.761888,5.79e+00
p04_r,5.811946,0.479200,0.000000,-0.770368,5.81e+00
p04_r,5.829400,0.465683,0.000000,-0.778614,5.83e+00
p04_r,5.846853,0.452023,0.000000,-0.786623,5.85e+00
p04_r,5.864306,0.438226,0.000000,-0.794392,5.86e+00
p04_r,5.881760,0.424295,0.000000,-0.801919,5.88e+00
p04_r,5.899213,0.410235,0.000000,-0.809202,5.90e+00
p04_r,5.916666,0.396050,0.000000,-0.816238,5.92e+00
p04_r,5.934119,0.381744,0.000000,-0.823026,5.93e+00
p04_r,5.951573,0.367322,0.000000,-0.829563,5.95e+00
p04_r,5.969026,0.352788,0.000000,-0.835847,5.97e+00
p04_r,5.986479,0.338147,0.000000,-0.841877,5.99e+00
p04_r,6.003933,0.323403,0.000000,-0.847650,6.00e+00
p04_r,6.021386,0.308560,0.000000,-0.853165,6.02e+00
p04_r,6.038839,0.293623,0.000000,-0.858420,6.04e+00
p04_r,6.056293,0.278597,0.000000,-0.863414,6.06e+00
p04_r,6.073746,0.263486,0.000000,-0.868145,6.07e+00
p04_r,6.091199,0.248295,0.000000,-0.872611,6.09e+00
p04_r,6.108652,0.233028,0.000000,-0.876811,6.11e+00
p04_r,6.126106,0.217690,0.000000,-0.880745,6.13e+00
p04_r,6.143559,0.202285,0.000000,-0.884410,6.14e+00
p04_r,6.161012,0.186820,0.000000,-0.887805,6.16e+00
p04_r,6.178466,0.171297,0.000000,-0.890931,6.18e+00
p04_r,6.195919,0.155722,0.000000,-0.893784,6.20e+00
p04_r,6.213372,0.140099,0.000000,-0.896366,6.21e+00
p04_r,6.230825,0.124434,0.000000,-0.898675,6.23e+00
p04_r,6.248279,0.108731,0.000000,-0.900709,6.25e+00
p04_r,6.265732,0.092995,0.000000,-0.902470,6.27e+00
p05_l,0.000000,-0.554460,0.000000,-0.756859,6.38e-01
p05_l,0.017453,-0.567585,0.000000,-0.747067,6.38e-01
p05_l,0.034907,-0.580537,0.000000,-0.737047,6.38e-01
p05_l,0.052360,-0.593311,0.000000,-0.726803,6.38e-01
p05_l,0.069813,-0.605905,0.000000,-0.716338,6.38e-01
p05_l,0.087266,-0.618315,0.000000,-0.705654,6.38e-01
p05_l,0.104720,-0.630536,0.000000,-0.694756,6.38e-01
p05_l,0.122173,-0.642565,0.000000,-0.683645,6.38e-01
p05_l,0.139626,-0.654399,0.000000,-0.672327,6.38e-01
p05_l,0.157080,-0.666033,0.000000,-0.660804,6.38e-01
p05_l,0.174533,-0.677464,0.000000,-0.649079,6.38e-01
p05_l,0.191986,-0.688689,0.000000,-0.637157,6.38e-01
p05_l,0.209440,-0.699704,0.000000,-0.625041,6.38e-01
p05_l,0.226893,-0.710506,0.000000,-0.612734,6.38e-01
p05_l,0.244346,-0.721091,0.000000,-0.600241,6.38e-01
p05_l,0.261799,-0.731457,0.000000,-0.587564,6.38e-01
p05_l,0.279253,-0.741600,0.000000,-0.574709,6.38e-01
p05_l,0.296706,-0.751517,0.000000,-0.561679,6.38e-01
p05_l,0.314159,-0.761205,0.000000,-0.548478,6.38e-01
p05_l,0.331613,-0.770662,0.000000,-0.535109,6.38e-01
p05_l,0.349066,-0.779883,0.000000,-0.521578,6.38e-01
p05_l,0.366519,-0.788867,0.000000,-0.507888,6.38e-01
p05_l,0.383972,-0.797611,0.000000,-0.494043,6.38e-01
p05_l,0.401426,-0.806112,0.000000,-0.480047,6.38e-01
p05_l,0.418879,-0.814367,0.000000,-0.465905,6.38e-01
p05_l,0.436332,-0.822374,0.000000,-0.451622,6.38e-01
p05_l,0.453786,-0.830131,0.000000,-0.437201,6.38e-01
p05_l,0.471239,-0.837634,0.000000,-0.422646,6.38e-01
p05_l,0.488692,-0.844883,0.000000,-0.407963,6.38e-01
p05_l,0.506145,-0.851874,0.000000,-0.393156,6.38e-01
p05_l,0.523599,-0.858606,0.000000,-0.378229,6.38e-01
p05_l,0.541052,-0.865076,0.000000,-0.363186,6.38e-01
p05_l,0.558505,-0.871283,0.000000,-0.348033,6.38e-01
p05_l,0.575959,-0.877224,0.000000,-0.332774,6.38e-01
p05_l,0.593412,-0.882898,0.000000,-0.317414,6.38e-01
p05_l,0.610865,-0.888304,0.000000,-0.301957,6.38e-01
p05_l,0.628319,-0.893438,0.000000,-0.286408,6.38e-01
p05_l,0.645772,-0.898301,0.000000,-0.270772,6.46e-01
p05_l,0.663225,-0.902889,0.000000,-0.255053,6.63e-01
p05_l,0.680678,-0.907203,0.000000,-0.239256,6.81e-01
p05_l,0.698132,-0.911241,0.000000,-0.223387,6.98e-01
p05_l,0.715585,-0.915000,0.000000,-0.207450,7.16e-01
p05_l,0.733038,-0.918482,0.000000,-0.191449,7.33e-01
p05_l,0.750492,-0.921683,0.000000,-0.175390,7.50e-01
p05_l,0.767945,-0.924604,0.000000,-0.159278,7.68e-01
p05_l,0.785398,-0.927243,0.000000,-0.143117,7.85e-01
p05_l,0.802851,-0.929599,0.000000,-0.126913,8.03e-01
p05_l,0.820305,-0.931672,0.000000,-0.110670,8.20e-01
p05_l,0.837758,-0.933462,0.000000,-0.094393,8.38e-01
p05_l,0.855211,-0.934967,0.000000,-0.078087,8.55e-01
p05_l,0.872665,-0.936188,0.000000,-0.061758,8.73e-01
p05_l,0.890118,-0.937123,0.000000,-0.045410,8.90e-01
p05_l,0.907571,-0.937773,0.000000,-0.029048,9.08e-01
p05_l,0.925025,-0.938137,0.000000,-0.012677,9.25e-01
p05_l,0.942478,-0.938215,0.000000,0.003697,9.42e-01
p05_l,0.959931,-0.938008,0.000000,0.020071,9.60e-01
p05_l,0.977384,-0.937515,0.000000,0.036438,9.77e-01
p05_l,0.994838,-0.936736,0.000000,0.052795,9.95e-01
p05_l,1.012291,-0.935672,0.000000,0.069135,1.01e+00
p05_l,1.029744,-0.934323,0.000000,0.085454,1.03e+00
p05_l,1.047198,-0.932689,0.000000,0.101747,1.05e+00
p05_l,1.064651,-0.930771,0.000000,0.118010,1.06e+00
p05_l,1.082104,-0.928570,0.000000,0.134236,1.08e+00
p05_l,1.099557,-0.926086,0.000000,0.150421,1.10e+00
p05_l,1.117011,-0.923319,0.000000,0.166561,1.12e+00
p05_l,1.134464,-0.920272,0.000000,0.182649,1.13e+00
p05_l,1.151917,-0.916944,0.000000,0.198683,1.15e+00
p05_l,1.169371,-0.913337,0.000000,0.214655,1.17e+00
p05_l,1.186824,-0.909452,0.000000,0.230562,1.19e+00
p05_l,1.204277,-0.905289,0.000000,0.246399,1.20e+00
p05_l,1.221730,-0.900851,0.000000,0.262161,1.22e+00
p05_l,1.239184,-0.896139,0.000000,0.277843,1.24e+00
p05_l,1.256637,-0.891153,0.000000,0.293441,1.26e+00
p05_l,1.274090,-0.885896,0.000000,0.308949,1.27e+00
p05_l,1.291544,-0.880369,0.000000,0.324363,1.29e+00
p05_l,1.308997,-0.874574,0.000000,0.339678,1.31e+00
p05_l,1.326450,-0.868513,0.000000,0.354890,1.33e+00
p05_l,1.343904,-0.862187,0.000000,0.369993,1.34e+00
p05_l,1.361357,-0.855598,0.000000,0.384984,1.36e+00
p05_l,1.378810,-0.848749,0.000000,0.399858,1.38e+00
p05_l,1.396263,-0.841641,0.000000,0.414610,1.40e+00
p05_l,1.413717,-0.834277,0.000000,0.429235,1.41e+00
p05_l,1.431170,-0.826659,0.000000,0.443730,1.43e+00
p05_l,1.448623,-0.818789,0.000000,0.458090,1.45e+00
p05_l,1.466077,-0.810669,0.000000,0.472310,1.47e+00
p05_l,1.483530,-0.802303,0.000000,0.486386,1.48e+00
p05_l,1.500983,-0.793692,0.000000,0.500314,1.50e+00
p05_l,1.518436,-0.784840,0.000000,0.514090,1.52e+00
p05_l,1.535890,-0.775748,0.000000,0.527709,1.54e+00
p05_l,1.553343,-0.766420,0.000000,0.541167,1.55e+00
p05_l,1.570796,-0.756859,0.000000,0.554460,1.57e+00
p05_l,1.588250,-0.747067,0.000000,0.567585,1.59e+00
p05_l,1.605703,-0.737047,0.000000,0.580537,1.61e+00
p05_l,1.623156,-0.726803,0.000000,0.593311,1.62e+00
p05_l,1.640609,-0.716338,0.000000,0.605905,1.64e+00
p05_l,1.658063,-0.705654,0.000000,0.618315,1.66e+00
p05_l,1.675516,-0.694756,0.000000,0.630536,1.68e+00
p05_l,1.692969,-0.683645,0.000000,0.642565,1.69e+00
p05_l,1.710423,-0.672327,0.000000,0.654399,1.71e+00
p05_l,1.727876,-0.660804,0.000000,0.666033,1.73e+00
p05_l,1.745329,-0.649079,0.000000,0.677464,1.75e+00
p05_l,1.762783,-0.637157,0.000000,0.688689,1.76e+00
p05_l,1.780236,-0.625041,0.000000,0.699704,1.78e+00
p05_l,1.797689,-0.612734,0.000000,0.710506,1.80e+00
p05_l,1.815142,-0.600241,0.000000,0.721091,1.82e+00
p05_l,1.832596,-0.587564,0.000000,0.731457,1.83e+00
p05_l,1.850049,-0.574709,0.000000,0.741600,1.85e+00
p05_l,1.867502,-0.561679,0.000000,0.751517,1.87e+00
p05_l,1.884956,-0.548478,0.000000,0.761205,1.88e+00
p05_l,1.902409,-0.535109,0.000000,0.770662,1.90e+00
p05_l,1.919862,-0.521578,0.000000,0.779883,1.92e+00
p05_l,1.937315,-0.507888,0.000000,0.788867,1.94e+00
p05_l,1.954769,-0.494043,0.000000,0.797611,1.95e+00
p05_l,1.972222,-0.480047,0.000000,0.806112,1.97e+00
p05_l,1.989675,-0.465905,0.000000,0.814367,1.99e+00
p05_l,2.007129,-0.451622,0.000000,0.822374,2.01e+00
p05_l,2.024582,-0.437201,0.000000,0.830131,2.02e+00
p05_l,2.042035,-0.422646,0.000000,0.837634,2.04e+00
p05_l,2.059489,-0.407963,0.000000,0.844883,2.06e+00
p05_l,2.076942,-0.393156,0.000000,0.851874,2.08e+00
p05_l,2.094395,-0.378229,0.000000,0.858606,2.09e+00
p05_l,2.111848,-0.363186,0.000000,0.865076,2.11e+00
p05_l,2.129302,-0.348033,0.000000,0.871283,2.13e+00
p05_l,2.146755,-0.332774,0.000000,0.877224,2.15e+00
p05_l,2.164208,-0.317414,0.000000,0.882898,2.16e+00
p05_l,2.181662,-0.301957,0.000000,0.888304,2.18e+00
p05_l,2.199115,-0.286408,0.000000,0.893438,2.20e+00
p05_l,2.216568,-0.270772,0.000000,0.898301,2.22e+00
p05_l,2.234021,-0.255053,0.000000,0.902889,2.23e+00
p05_l,2.251475,-0.239256,0.000000,0.907203,2.25e+00
p05_l,2.268928,-0.223387,0.000000,0.911241,2.27e+00
p05_l,2.286381,-0.207450,0.000000,0.915000,2.29e+00
p05_l,2.303835,-0.191449,0.000000,0.918482,2.30e+00
p05_l,2.321288,-0.175390,0.000000,0.921683,2.32e+00
p05_l,2.338741,-0.159278,0.000000,0.924604,2.34e+00
p05_l,2.356194,-0.143117,0.000000,0.927243,2.36e+00
p05_l,2.373648,-0.126913,0.000000,0.929599,2.37e+00
p05_l,2.391101,-0.110670,0.000000,0.931672,2.39e+00
p05_l,2.408554,-0.094393,0.000000,0.933462,2.41e+00
p05_l,2.426008,-0.078087,0.000000,0.934967,2.43e+00
p05_l,2.443461,-0.061758,0.000000,0.936188,2.44e+00
p05_l,2.460914,-0.045410,0.000000,0.937123,2.46e+00
p05_l,2.478368,-0.029048,0.000000,0.937773,2.48e+00
p05_l,2.495821,-0.012677,0.000000,0.938137,2.50e+00
p05_l,2.513274,0.003697,0.000000,0.938215,2.51e+00
p05_l,2.530727,0.020071,0.000000,0.938008,2.53e+00
p05_l,2.548181,0.036438,0.000000,0.937515,2.55e+00
p05_l,2.565634,0.052795,0.000000,0.936736,2.57e+00
p05_l,2.583087,0.069135,0.000000,0.935672,2.58e+00
p05_l,2.600541,0.085454,0.000000,0.934323,2.60e+00
p05_l,2.617994,0.101747,0.000000,0.932689,2.62e+00
p05_l,2.635447,0.118010,0.000000,0.930771,2.64e+00
p05_l,2.652900,0.134236,0.000000,0.928570,2.65e+00
p05_l,2.670354,0.150421,0.000000,0.926086,2.67e+00
p05_l,2.687807,0.166561,0.000000,0.923319,2.69e+00
p05_l,2.705260,0.182649,0.000000,0.920272,2.71e+00
p05_l,2.722714,0.198683,0.000000,0.916944,2.72e+00
p05_l,2.740167,0.214655,0.000000,0.913337,2.74e+00
p05_l,2.757620,0.230562,0.000000,0.909452,2.76e+00
p05_l,2.775074,0.246399,0.000000,0.905289,2.78e+00
p05_l,2.792527,0.262161,0.000000,0.900851,2.79e+00
p05_l,2.809980,0.277843,0.000000,0.896139,2.81e+00
p05_l,2.827433,0.293441,0.000000,0.891153,2.83e+00
p05_l,2.844887,0.308949,0.000000,0.885896,2.84e+00
p05_l,2.862340,0.324363,0.000000,0.880369,2.86e+00
p05_l,2.879793,0.339678,0.000000,0.874574,2.88e+00
p05_l,2.897247,0.354890,0.000000,0.868513,2.90e+00
p05_l,2.914700,0.369993,0.000000,0.862187,2.91e+00
p05_l,2.932153,0.384984,0.000000,0.855598,2.93e+00
p05_l,2.949606,0.399858,0.000000,0.848749,2.95e+00
p05_l,2.967060,0.414610,0.000000,0.841641,2.97e+00
p05_l,2.984513,0.429235,0.000000,0.834277,2.98e+00
p05_l,3.001966,0.443730,0.000000,0.826659,3.00e+00
p05_l,3.019420,0.458090,0.000000,0.818789,3.02e+00
p05_l,3.036873,0.472310,0.000000,0.810669,3.04e+00
p05_l,3.054326,0.486386,0.000000,0.802303,3.05e+00
p05_l,3.071779,0.500314,0.000000,0.793692,3.07e+00
p05_l,3.089233,0.514090,0.000000,0.784840,3.09e+00
p05_l,3.106686,0.527709,0.000000,0.775748,3.11e+00
p05_l,3.124139,0.541167,0.000000,0.766420,3.12e+00
p05_l,3.141593,0.554460,0.000000,0.756859,3.14e+00
p05_l,3.159046,0.567585,0.000000,0.747067,3.16e+00
p05_l,3.176499,0.580537,0.000000,0.737047,3.18e+00
p05_l,3.193953,0.593311,0.000000,0.726803,3.19e+00
p05_l,3.211406,0.605905,0.000000,0.716338,3.21e+00
p05_l,3.228859,0.618315,0.000000,0.705654,3.23e+00
p05_l,3.246312,0.630536,0.000000,0.694756,3.25e+00
p05_l,3.263766,0.642565,0.000000,0.683645,3.26e+00
p05_l,3.281219,0.654399,0.000000,0.672327,3.28e+00
p05_l,3.298672,0.666033,0.000000,0.660804,3.30e+00
p05_l,3.316126,0.677464,0.000000,0.649079,3.32e+00
p05_l,3.333579,0.688689,0.000000,0.637157,3.33e+00
p05_l,3.351032,0.699704,0.000000,0.625041,3.35e+00
p05_l,3.368485,0.710506,0.000000,0.612734,3.37e+00
p05_l,3.385939,0.721091,0.000000,0.600241,3.39e+00
p05_l,3.403392,0.731457,0.000000,0.587564,3.40e+00
p05_l,3.420845,0.741600,0.000000,0.574709,3.42e+00
p05_l,3.438299,0.751517,0.000000,0.561679,3.44e+00
p05_l,3.455752,0.761205,0.000000,0.548478,3.46e+00
p05_l,3.473205,0.770662,0.000000,0.535109,3.47e+00
p05_l,3.490659,0.779883,0.000000,0.521578,3.49e+00
p05_l,3.508112,0.788867,0.000000,0.507888,3.51e+00
p05_l,3.525565,0.797611,0.000000,0.494043,3.53e+00
p05_l,3.543018,0.806112,0.000000,0.480047,3.54e+00
p05_l,3.560472,0.814367,0.000000,0.465905,3.56e+00
p05_l,3.577925,0.822374,0.000000,0.451622,3.58e+00
p05_l,3.595378,0.830131,0.000000,0.437201,3.60e+00
p05_l,3.612832,0.837634,0.000000,0.422646,3.61e+00
p05_l,3.630285,0.844883,0.000000,0.407963,3.63e+00
p05_l,3.647738,0.851874,0.000000,0.393156,3.65e+00
p05_l,3.665191,0.858606,0.000000,0.378229,3.67e+00
p05_l,3.682645,0.865076,0.000000,0.363186,3.68e+00
p05_l,3.700098,0.871283,0.000000,0.348033,3.70e+00
p05_l,3.717551,0.877224,0.000000,0.332774,3.72e+00
p05_l,3.735005,0.882898,0.000000,0.317414,3.74e+00
p05_l,3.752458,0.888304,0.000000,0.301957,3.75e+00
p05_l,3.769911,0.893438,0.000000,0.286408,3.77e+00
p05_l,3.787364,0.898301,0.000000,0.270772,3.79e+00
p05_l,3.804818,0.902889,0.000000,0.255053,3.80e+00
p05_l,3.822271,0.907203,0.000000,0.239256,3.82e+00
p05_l,3.839724,0.911241,0.000000,0.223387,3.84e+00
p05_l,3.857178,0.915000,0.000000,0.207450,3.86e+00
p05_l,3.874631,0.918482,0.000000,0.191449,3.87e+00
p05_l,3.892084,0.921683,0.000000,0.175390,3.89e+00
p05_l,3.909538,0.924604,0.000000,0.159278,3.91e+00
p05_l,3.926991,0.927243,0.000000,0.143117,3.93e+00
p05_l,3.944444,0.929599,0.000000,0.126913,3.94e+00
p05_l,3.961897,0.931672,0.000000,0.110670,3.96e+00
p05_l,3.979351,0.933462,0.000000,0.094393,3.98e+00
p05_l,3.996804,0.934967,0.000000,0.078087,4.00e+00
p05_l,4.014257,0.936188,0.000000,0.061758,4.01e+00
p05_l,4.031711,0.937123,0.000000,0.045410,4.03e+00
p05_l,4.049164,0.937773,0.000000,0.029048,4.05e+00
p05_l,4.066617,0.938137,0.000000,0.012677,4.07e+00
p05_l,4.084070,0.938215,0.000000,-0.003697,4.08e+00
p05_l,4.101524,0.938008,0.000000,-0.020071,4.10e+00
p05_l,4.118977,0.937515,0.000000,-0.036438,4.12e+00
p05_l,4.136430,0.936736,0.000000,-0.052795,4.14e+00
p05_l,4.153884,0.935672,0.000000,-0.069135,4.15e+00
p05_l,4.171337,0.934323,0.000000,-0.085454,4.17e+00
p05_l,4.188790,0.932689,0.000000,-0.101747,4.19e+00
p05_l,4.206243,0.930771,0.000000,-0.118010,4.21e+00
p05_l,4.223697,0.928570,0.000000,-0.134236,4.22e+00
p05_l,4.241150,0.926086,0.000000,-0.150421,4.24e+00
p05_l,4.258603,0.923319,0.000000,-0.166561,4.26e+00
p05_l,4.276057,0.920272,0.000000,-0.182649,4.28e+00
p05_l,4.293510,0.916944,0.000000,-0.198683,4.29e+00
p05_l,4.310963,0.913337,0.000000,-0.214655,4.31e+00
p05_l,4.328417,0.909452,0.000000,-0.230562,4.33e+00
p05_l,4.345870,0.905289,0.000000,-0.246399,4.35e+00
p05_l,4.363323,0.900851,0.000000,-0.262161,4.36e+00
p05_l,4.380776,0.896139,0.000000,-0.277843,4.38e+00
p05_l,4.398230,0.891153,0.000000,-0.293441,4.40e+00
p05_l,4.415683,0.885896,0.000000,-0.308949,4.42e+00
p05_l,4.433136,0.880369,0.000000,-0.324363,4.43e+00
p05_l,4.450590,0.874574,0.000000,-0.339678,4.45e+00
p05_l,4.468043,0.868513,0.000000,-0.354890,4.47e+00
p05_l,4.485496,0.862187,0.000000,-0.369993,4.49e+00
p05_l,4.502949,0.855598,0.000000,-0.384984,4.50e+00
p05_l,4.520403,0.848749,0.000000,-0.399858,4.52e+00
p05_l,4.537856,0.841641,0.000000,-0.414610,4.54e+00
p05_l,4.555309,0.834277,0.000000,-0.429235,4.56e+00
p05_l,4.572763,0.826659,0.000000,-0.443730,4.57e+00
p05_l,4.590216,0.818789,0.000000,-0.458090,4.59e+00
p05_l,4.607669,0.810669,0.000000,-0.472310,4.61e+00
p05_l,4.625123,0.802303,0.000000,-0.486386,4.63e+00
p05_l,4.642576,0.793692,0.000000,-0.500314,4.64e+00
p05_l,4.660029,0.784840,0.000000,-0.514090,4.66e+00
p05_l,4.677482,0.775748,0.000000,-0.527709,4.68e+00
p05_l,4.694936,0.766420,0.000000,-0.541167,4.69e+00
p05_l,4.712389,0.756859,0.000000,-0.554460,4.71e+00
p05_l,4.729842,0.747067,0.000000,-0.567585,4.73e+00
p05_l,4.747296,0.737047,0.000000,-0.580537,4.75e+00
p05_l,4.764749,0.726803,0.000000,-0.593311,4.76e+00
p05_l,4.782202,0.716338,0.000000,-0.605905,4.78e+00
p05_l,4.799655,0.705654,0.000000,-0.618315,4.80e+00
p05_l,4.817109,0.694756,0.000000,-0.630536,4.82e+00
p05_l,4.834562,0.683645,0.000000,-0.642565,4.83e+00
p05_l,4.852015,0.672327,0.000000,-0.654399,4.85e+00
p05_l,4.869469,0.660804,0.000000,-0.666033,4.87e+00
p05_l,4.886922,0.649079,0.000000,-0.677464,4.89e+00
p05_l,4.904375,0.637157,0.000000,-0.688689,4.90e+00
p05_l,4.921828,0.625041,0.000000,-0.699704,4.92e+00
p05_l,4.939282,0.612734,0.000000,-0.710506,4.94e+00
p05_l,4.956735,0.600241,0.000000,-0.721091,4.96e+00
p05_l,4.974188,0.587564,0.000000,-0.731457,4.97e+00
p05_l,4.991642,0.574709,0.000000,-0.741600,4.99e+00
p05_l,5.009095,0.561679,0.000000,-0.751517,5.01e+00
p05_l,5.026548,0.548478,0.000000,-0.761205,5.03e+00
p05_l,5.044002,0.535109,0.000000,-0.770662,5.04e+00
p05_l,5.061455,0.521578,0.000000,-0.779883,5.06e+00
p05_l,5.078908,0.507888,0.000000,-0.788867,5.08e+00
p05_l,5.096361,0.494043,0.000000,-0.797611,5.10e+00
p05_l,5.113815,0.480047,0.000000,-0.806112,5.11e+00
p05_l,5.131268,0.465905,0.000000,-0.814367,5.13e+00
p05_l,5.148721,0.451622,0.000000,-0.822374,5.15e+00
p05_l,5.166175,0.437201,0.000000,-0.830131,5.17e+00
p05_l,5.183628,0.422646,0.000000,-0.837634,5.18e+00
p05_l,5.201081,0.407963,0.000000,-0.844883,5.20e+00
p05_l,5.218534,0.393156,0.000000,-0.851874,5.22e+00
p05_l,5.235988,0.378229,0.000000,-0.858606,5.24e+00
p05_l,5.253441,0.363186,0.000000,-0.865076,5.25e+00
p05_l,5.270894,0.348033,0.000000,-0.871283,5.27e+00
p05_l,5.288348,0.332774,0.000000,-0.877224,5.29e+00
p05_l,5.305801,0.317414,0.000000,-0.882898,5.31e+00
p05_l,5.323254,0.301957,0.000000,-0.888304,5.32e+00
p05_l,5.340708,0.286408,0.000000,-0.893438,5.34e+00
p05_l,5.358161,0.270772,0.000000,-0.898301,5.36e+00
p05_l,5.375614,0.255053,0.000000,-0.902889,5.38e+00
p05_l,5.393067,0.239256,0.000000,-0.907203,5.39e+00
p05_l,5.410521,0.223387,0.000000,-0.911241,5.41e+00
p05_l,5.427974,0.207450,0.000000,-0.915000,5.43e+00
p05_l,5.445427,0.191449,0.000000,-0.918482,5.45e+00
p05_l,5.462881,0.175390,0.000000,-0.921683,5.46e+00
p05_l,5.480334,0.159278,0.000000,-0.924604,5.48e+00
p05_l,5.497787,0.143117,0.000000,-0.927243,5.50e+00
p05_l,5.515240,0.126913,0.000000,-0.929599,5.52e+00
p05_l,5.532694,0.110670,0.000000,-0.931672,5.53e+00
p05_l,5.550147,0.094393,0.000000,-0.933462,5.55e+00
p05_l,5.567600,0.078087,0.000000,-0.934967,5.57e+00
p05_l,5.585054,0.061758,0.000000,-0.936188,5.59e+00
p05_l,5.602507,0.045410,0.000000,-0.937123,5.60e+00
p05_l,5.619960,0.029048,0.000000,-0.937773,5.62e+00
p05_l,5.637413,0.012677,0.000000,-0.938137,5.64e+00
p05_l,5.654867,-0.003697,0.000000,-0.938215,5.65e+00
p05_l,5.672320,-0.020071,0.000000,-0.938008,5.67e+00
p05_l,5.689773,-0.036438,0.000000,-0.937515,5.69e+00
p05_l,5.707227,-0.052795,0.000000,-0.936736,5.71e+00
p05_l,5.724680,-0.069135,0.000000,-0.935672,5.72e+00
p05_l,5.742133,-0.085454,0.000000,-0.934323,5.74e+00
p05_l,5.759587,-0.101747,0.000000,-0.932689,5.76e+00
p05_l,5.777040,-0.118010,0.000000,-0.930771,5.78e+00
p05_l,5.794493,-0.134236,0.000000,-0.928570,5.79e+00
p05_l,5.811946,-0.150421,0.000000,-0.926086,5.81e+00
p05_l,5.829400,-0.166561,0.000000,-0.923319,5.83e+00
p05_l,5.846853,-0.182649,0.000000,-0.920272,5.85e+00
p05_l,5.864306,-0.198683,0.000000,-0.916944,5.86e+00
p05_l,5.881760,-0.214655,0.000000,-0.913337,5.88e+00
p05_l,5.899213,-0.230562,0.000000,-0.909452,5.90e+00
p05_l,5.916666,-0.246399,0.000000,-0.905289,5.92e+00
p05_l,5.934119,-0.262161,0.000000,-0.900851,5.93e+00
p05_l,5.951573,-0.277843,0.000000,-0.896139,5.95e+00
p05_l,5.969026,-0.293441,0.000000,-0.891153,5.97e+00
p05_l,5.986479,-0.308949,0.000000,-0.885896,5.99e+00
p05_l,6.003933,-0.324363,0.000000,-0.880369,6.00e+00
p05_l,6.021386,-0.339678,0.000000,-0.874574,6.02e+00
p05_l,6.038839,-0.354890,0.000000,-0.868513,6.04e+00
p05_l,6.056293,-0.369993,0.000000,-0.862187,6.06e+00
p05_l,6.073746,-0.384984,0.000000,-0.855598,6.07e+00
p05_l,6.091199,-0.399858,0.000000,-0.848749,6.09e+00
p05_l,6.108652,-0.414610,0.000000,-0.841641,6.11e+00
p05_l,6.126106,-0.429235,0.000000,-0.834277,6.13e+00
p05_l,6.143559,-0.443730,0.000000,-0.826659,6.14e+00
p05_l,6.161012,-0.458090,0.000000,-0.818789,6.16e+00
p05_l,6.178466,-0.472310,0.000000,-0.810669,6.18e+00
p05_l,6.195919,-0.486386,0.000000,-0.802303,6.20e+00
p05_l,6.213372,-0.500314,0.000000,-0.793692,6.21e+00
p05_l,6.230825,-0.514090,0.000000,-0.784840,6.23e+00
p05_l,6.248279,-0.527709,0.000000,-0.775748,6.25e+00
p05_l,6.265732,-0.541167,0.000000,-0.766420,6.27e+00
p05_r,0.000000,-0.949375,0.000000,0.191890,6.38e-01
p05_r,0.017453,-0.945881,0.000000,0.208429,6.43e-01
p05_r,0.034907,-0.942100,0.000000,0.224905,6.47e-01
p05_r,0.052360,-0.938031,0.000000,0.241313,6.52e-01
p05_r,0.069813,-0.933677,0.000000,0.257647,6.57e-01
p05_r,0.087266,-0.929038,0.000000,0.273903,6.62e-01
p05_r,0.104720,-0.924116,0.000000,0.290075,6.66e-01
p05_r,0.122173,-0.918913,0.000000,0.306159,6.71e-01
p05_r,0.139626,-0.913430,0.000000,0.322150,6.75e-01
p05_r,0.157080,-0.907668,0.000000,0.338042,6.80e-01
p05_r,0.174533,-0.901630,0.000000,0.353832,6.84e-01
p05_r,0.191986,-0.895318,0.000000,0.369513,6.88e-01
p05_r,0.209440,-0.888733,0.000000,0.385082,6.92e-01
p05_r,0.226893,-0.881877,0.000000,0.400534,6.96e-01
p05_r,0.244346,-0.874752,0.000000,0.415864,7.00e-01
p05_r,0.261799,-0.867361,0.000000,0.431067,7.04e-01
p05_r,0.279253,-0.859706,0.000000,0.446139,7.08e-01
p05_r,0.296706,-0.851789,0.000000,0.461075,7.11e-01
p05_r,0.314159,-0.843612,0.000000,0.475871,7.15e-01
p05_r,0.331613,-0.835178,0.000000,0.490521,7.18e-01
p05_r,0.349066,-0.826490,0.000000,0.505023,7.21e-01
p05_r,0.366519,-0.817551,0.000000,0.519370,7.24e-01
p05_r,0.383972,-0.808362,0.000000,0.533559,7.27e-01
p05_r,0.401426,-0.798927,0.000000,0.547586,7.30e-01
p05_r,0.418879,-0.789248,0.000000,0.561445,7.33e-01
p05_r,0.436332,-0.779330,0.000000,0.575134,7.36e-01
p05_r,0.453786,-0.769174,0.000000,0.588648,7.39e-01
p05_r,0.471239,-0.758783,0.000000,0.601982,7.41e-01
p05_r,0.488692,-0.748161,0.000000,0.615133,7.44e-01
p05_r,0.506145,-0.737312,0.000000,0.628096,7.46e-01
p05_r,0.523599,-0.726238,0.000000,0.640869,7.48e-01
p05_r,0.541052,-0.714943,0.000000,0.653446,7.50e-01
p05_r,0.558505,-0.703429,0.000000,0.665824,7.52e-01
p05_r,0.575959,-0.691702,0.000000,0.677999,7.54e-01
p05_r,0.593412,-0.679764,0.000000,0.689967,7.56e-01
p05_r,0.610865,-0.667619,0.000000,0.701726,7.57e-01
p05_r,0.628319,-0.655270,0.000000,0.713270,7.59e-01
p05_r,0.645772,-0.642722,0.000000,0.724598,7.60e-01
p05_r,0.663225,-0.629978,0.000000,0.735705,7.62e-01
p05_r,0.680678,-0.617043,0.000000,0.746587,7.63e-01
p05_r,0.698132,-0.603919,0.000000,0.757242,7.64e-01
p05_r,0.715585,-0.590611,0.000000,0.767667,7.65e-01
p05_r,0.733038,-0.577124,0.000000,0.777857,7.66e-01
p05_r,0.750492,-0.563460,0.000000,0.787811,7.66e-01
p05_r,0.767945,-0.549625,0.000000,0.797525,7.68e-01
p05_r,0.785398,-0.535623,0.000000,0.806996,7.85e-01
p05_r,0.802851,-0.521457,0.000000,0.816221,8.03e-01
p05_r,0.820305,-0.507133,0.000000,0.825197,8.20e-01
p05_r,0.837758,-0.492654,0.000000,0.833922,8.38e-01
p05_r,0.855211,-0.478025,0.000000,0.842393,8.55e-01
p05_r,0.872665,-0.463250,0.000000,0.850608,8.73e-01
p05_r,0.890118,-0.448335,0.000000,0.858563,8.90e-01
p05_r,0.907571,-0.433282,0.000000,0.866257,9.08e-01
p05_r,0.925025,-0.418098,0.000000,0.873686,9.25e-01
p05_r,0.942478,-0.402787,0.000000,0.880850,9.42e-01
p05_r,0.959931,-0.387352,0.000000,0.887746,9.60e-01
p05_r,0.977384,-0.371800,0.000000,0.894371,9.77e-01
p05_r,0.994838,-0.356134,0.000000,0.900723,9.95e-01
p05_r,1.012291,-0.340360,0.000000,0.906801,1.01e+00
p05_r,1.029744,-0.324483,0.000000,0.912603,1.03e+00
p05_r,1.047198,-0.308506,0.000000,0.918127,1.05e+00
p05_r,1.064651,-0.292436,0.000000,0.923372,1.06e+00
p05_r,1.082104,-0.276276,0.000000,0.928335,1.08e+00
p05_r,1.099557,-0.260032,0.000000,0.933015,1.10e+00
p05_r,1.117011,-0.243709,0.000000,0.937411,1.12e+00
p05_r,1.134464,-0.227312,0.000000,0.941522,1.13e+00
p05_r,1.151917,-0.210846,0.000000,0.945346,1.15e+00
p05_r,1.169371,-0.194315,0.000000,0.948881,1.17e+00
p05_r,1.186824,-0.177725,0.000000,0.952128,1.19e+00
p05_r,1.204277,-0.161081,0.000000,0.955085,1.20e+00
p05_r,1.221730,-0.144388,0.000000,0.957751,1.22e+00
p05_r,1.239184,-0.127651,0.000000,0.960125,1.24e+00
p05_r,1.256637,-0.110875,0.000000,0.962206,1.26e+00
p05_r,1.274090,-0.094065,0.000000,0.963995,1.27e+00
p05_r,1.291544,-0.077227,0.000000,0.965490,1.29e+00
p05_r,1.308997,-0.060365,0.000000,0.966690,1.31e+00
p05_r,1.326450,-0.043485,0.000000,0.967597,1.33e+00
p05_r,1.343904,-0.026591,0.000000,0.968208,1.34e+00
p05_r,1.361357,-0.009690,0.000000,0.968525,1.36e+00
p05_r,1.378810,0.007215,0.000000,0.968546,1.38e+00
p05_r,1.396263,0.024117,0.000000,0.968273,1.40e+00
p05_r,1.413717,0.041012,0.000000,0.967705,1.41e+00
p05_r,1.431170,0.057895,0.000000,0.966841,1.43e+00
p05_r,1.448623,0.074760,0.000000,0.965684,1.45e+00
p05_r,1.466077,0.091602,0.000000,0.964232,1.47e+00
p05_r,1.483530,0.108416,0.000000,0.962486,1.48e+00
p05_r,1.500983,0.125197,0.000000,0.960448,1.50e+00
p05_r,1.518436,0.141940,0.000000,0.958116,1.52e+00
p05_r,1.535890,0.158640,0.000000,0.955493,1.54e+00
p05_r,1.553343,0.175292,0.000000,0.952579,1.55e+00
p05_r,1.570796,0.191890,0.000000,0.949375,1.57e+00
p05_r,1.588250,0.208429,0.000000,0.945881,1.59e+00
p05_r,1.605703,0.224905,0.000000,0.942100,1.61e+00
p05_r,1.623156,0.241313,0.000000,0.938031,1.62e+00
p05_r,1.640609,0.257647,0.000000,0.933677,1.64e+00
p05_r,1.658063,0.273903,0.000000,0.929038,1.66e+00
p05_r,1.675516,0.290075,0.000000,0.924116,1.68e+00
p05_r,1.692969,0.306159,0.000000,0.918913,1.69e+00
p05_r,1.710423,0.322150,0.000000,0.913430,1.71e+00
p05_r,1.727876,0.338042,0.000000,0.907668,1.73e+00
p05_r,1.745329,0.353832,0.000000,0.901630,1.75e+00
p05_r,1.762783,0.369513,0.000000,0.895318,1.76e+00
p05_r,1.780236,0.385082,0.000000,0.888733,1.78e+00
p05_r,1.797689,0.400534,0.000000,0.881877,1.80e+00
p05_r,1.815142,0.415864,0.000000,0.874752,1.82e+00
p05_r,1.832596,0.431067,0.000000,0.867361,1.83e+00
p05_r,1.850049,0.446139,0.000000,0.859706,1.85e+00
p05_r,1.867502,0.461075,0.000000,0.851789,1.87e+00
p05_r,1.884956,0.475871,0.000000,0.843612,1.88e+00
p05_r,1.902409,0.490521,0.000000,0.835178,1.90e+00
p05_r,1.919862,0.505023,0.000000,0.826490,1.92e+00
p05_r,1.937315,0.519370,0.000000,0.817551,1.94e+00
p05_r,1.954769,0.533559,0.000000,0.808362,1.95e+00
p05_r,1.972222,0.547586,0.000000,0.798927,1.97e+00
p05_r,1.989675,0.561445,0.000000,0.789248,1.99e+00
p05_r,2.007129,0.575134,0.000000,0.779330,2.01e+00
p05_r,2.024582,0.588648,0.000000,0.769174,2.02e+00
p05_r,2.042035,0.601982,0.000000,0.758783,2.04e+00
p05_r,2.059489,0.615133,0.000000,0.748161,2.06e+00
p05_r,2.076942,0.628096,0.000000,0.737312,2.08e+00
p05_r,2.094395,0.640869,0.000000,0.726238,2.09e+00
p05_r,2.111848,0.653446,0.000000,0.714943,2.11e+00
p05_r,2.129302,0.665824,0.000000,0.703429,2.13e+00
p05_r,2.146755,0.677999,0.000000,0.691702,2.15e+00
p05_r,2.164208,0.689967,0.000000,0.679764,2.16e+00
p05_r,2.181662,0.701726,0.000000,0.667619,2.18e+00
p05_r,2.199115,0.713270,0.000000,0.655270,2.20e+00
p05_r,2.216568,0.724598,0.000000,0.642722,2.22e+00
p05_r,2.234021,0.735705,0.000000,0.629978,2.23e+00
p05_r,2.251475,0.746587,0.000000,0.617043,2.25e+00
p05_r,2.268928,0.757242,0.000000,0.603919,2.27e+00
p05_r,2.286381,0.767667,0.000000,0.590611,2.29e+00
p05_r,2.303835,0.777857,0.000000,0.577124,2.30e+00
p05_r,2.321288,0.787811,0.000000,0.563460,2.32e+00
p05_r,2.338741,0.797525,0.000000,0.549625,2.34e+00
p05_r,2.356194,0.806996,0.000000,0.535623,2.36e+00
p05_r,2.373648,0.816221,0.000000,0.521457,2.37e+00
p05_r,2.391101,0.825197,0.000000,0.507133,2.39e+00
p05_r,2.408554,0.833922,0.000000,0.492654,2.41e+00
p05_r,2.426008,0.842393,0.000000,0.478025,2.43e+00
p05_r,2.443461,0.850608,0.000000,0.463250,2.44e+00
p05_r,2.460914,0.858563,0.000000,0.448335,2.46e+00
p05_r,2.478368,0.866257,0.000000,0.433282,2.48e+00
p05_r,2.495821,0.873686,0.000000,0.418098,2.50e+00
p05_r,2.513274,0.880850,0.000000,0.402787,2.51e+00
p05_r,2.530727,0.887746,0.000000,0.387352,2.53e+00
p05_r,2.548181,0.894371,0.000000,0.371800,2.55e+00
p05_r,2.565634,0.900723,0.000000,0.356134,2.57e+00
p05_r,2.583087,0.906801,0.000000,0.340360,2.58e+00
p05_r,2.600541,0.912603,0.000000,0.324483,2.60e+00
p05_r,2.617994,0.918127,0.000000,0.308506,2.62e+00
p05_r,2.635447,0.923372,0.000000,0.292436,2.64e+00
p05_r,2.652900,0.928335,0.000000,0.276276,2.65e+00
p05_r,2.670354,0.933015,0.000000,0.260032,2.67e+00
p05_r,2.687807,0.937411,0.000000,0.243709,2.69e+00
p05_r,2.705260,0.941522,0.000000,0.227312,2.71e+00
p05_r,2.722714,0.945346,0.000000,0.210846,2.72e+00
p05_r,2.740167,0.948881,0.000000,0.194315,2.74e+00
p05_r,2.757620,0.952128,0.000000,0.177725,2.76e+00
p05_r,2.775074,0.955085,0.000000,0.161081,2.78e+00
p05_r,2.792527,0.957751,0.000000,0.144388,2.79e+00
p05_r,2.809980,0.960125,0.000000,0.127651,2.81e+00
p05_r,2.827433,0.962206,0.000000,0.110875,2.83e+00
p05_r,2.844887,0.963995,0.000000,0.094065,2.84e+00
p05_r,2.862340,0.965490,0.000000,0.077227,2.86e+00
p05_r,2.879793,0.966690,0.000000,0.060365,2.88e+00
p05_r,2.897247,0.967597,0.000000,0.043485,2.90e+00
p05_r,2.914700,0.968208,0.000000,0.026591,2.91e+00
p05_r,2.932153,0.968525,0.000000,0.009690,2.93e+00
p05_r,2.949606,0.968546,0.000000,-0.007215,2.95e+00
p05_r,2.967060,0.968273,0.000000,-0.024117,2.97e+00
p05_r,2.984513,0.967705,0.000000,-0.041012,2.98e+00
p05_r,3.001966,0.966841,0.000000,-0.057895,3.00e+00
p05_r,3.019420,0.965684,0.000000,-0.074760,3.02e+00
p05_r,3.036873,0.964232,0.000000,-0.091602,3.04e+00
p05_r,3.054326,0.962486,0.000000,-0.108416,3.05e+00
p05_r,3.071779,0.960448,0.000000,-0.125197,3.07e+00
p05_r,3.089233,0.958116,0.000000,-0.141940,3.09e+00
p05_r,3.106686,0.955493,0.000000,-0.158640,3.11e+00
p05_r,3.124139,0.952579,0.000000,-0.175292,3.12e+00
p05_r,3.141593,0.949375,0.000000,-0.191890,3.14e+00
p05_r,3.159046,0.945881,0.000000,-0.208429,3.16e+00
p05_r,3.176499,0.942100,0.000000,-0.224905,3.18e+00
p05_r,3.193953,0.938031,0.000000,-0.241313,3.19e+00
p05_r,3.211406,0.933677,0.000000,-0.257647,3.21e+00
p05_r,3.228859,0.929038,0.000000,-0.273903,3.23e+00
p05_r,3.246312,0.924116,0.000000,-0.290075,3.25e+00
p05_r,3.263766,0.918913,0.000000,-0.306159,3.26e+00
p05_r,3.281219,0.913430,0.000000,-0.322150,3.28e+00
p05_r,3.298672,0.907668,0.000000,-0.338042,3.30e+00
p05_r,3.316126,0.901630,0.000000,-0.353832,3.32e+00
p05_r,3.333579,0.895318,0.000000,-0.369513,3.33e+00
p05_r,3.351032,0.888733,0.000000,-0.385082,3.35e+00
p05_r,3.368485,0.881877,0.000000,-0.400534,3.37e+00
p05_r,3.385939,0.874752,0.000000,-0.415864,3.39e+00
p05_r,3.403392,0.867361,0.000000,-0.431067,3.40e+00
p05_r,3.420845,0.859706,0.000000,-0.446139,3.42e+00
p05_r,3.438299,0.851789,0.000000,-0.461075,3.44e+00
p05_r,3.455752,0.843612,0.000000,-0.475871,3.46e+00
p05_r,3.473205,0.835178,0.000000,-0.490521,3.47e+00
p05_r,3.490659,0.826490,0.000000,-0.505023,3.49e+00
p05_r,3.508112,0.817551,0.000000,-0.519370,3.51e+00
p05_r,3.525565,0.808362,0.000000,-0.533559,3.53e+00
p05_r,3.543018,0.798927,0.000000,-0.547586,3.54e+00
p05_r,3.560472,0.789248,0.000000,-0.561445,3.56e+00
p05_r,3.577925,0.779330,0.000000,-0.575134,3.58e+00
p05_r,3.595378,0.769174,0.000000,-0.588648,3.60e+00
p05_r,3.612832,0.758783,0.000000,-0.601982,3.61e+00
p05_r,3.630285,0.748161,0.000000,-0.615133,3.63e+00
p05_r,3.647738,0.737312,0.000000,-0.628096,3.65e+00
p05_r,3.665191,0.726238,0.000000,-0.640869,3.67e+00
p05_r,3.682645,0.714943,0.000000,-0.653446,3.68e+00
p05_r,3.700098,0.703429,0.000000,-0.665824,3.70e+00
p05_r,3.717551,0.691702,0.000000,-0.677999,3.72e+00
p05_r,3.735005,0.679764,0.000000,-0.689967,3.74e+00
p05_r,3.752458,0.667619,0.000000,-0.701726,3.75e+00
p05_r,3.769911,0.655270,0.000000,-0.713270,3.77e+00
p05_r,3.787364,0.642722,0.000000,-0.724598,3.79e+00
p05_r,3.804818,0.629978,0.000000,-0.735705,3.80e+00
p05_r,3.822271,0.617043,0.000000,-0.746587,3.82e+00
p05_r,3.839724,0.603919,0.000000,-0.757242,3.84e+00
p05_r,3.857178,0.590611,0.000000,-0.767667,3.86e+00
p05_r,3.874631,0.577124,0.000000,-0.777857,3.87e+00
p05_r,3.892084,0.563460,0.000000,-0.787811,3.89e+00
p05_r,3.909538,0.549625,0.000000,-0.797525,3.91e+00
p05_r,3.926991,0.535623,0.000000,-0.806996,3.93e+00
p05_r,3.944444,0.521457,0.000000,-0.816221,3.94e+00
p05_r,3.961897,0.507133,0.000000,-0.825197,3.96e+00
p05_r,3.979351,0.492654,0.000000,-0.833922,3.98e+00
p05_r,3.996804,0.478025,0.000000,-0.842393,4.00e+00
p05_r,4.014257,0.463250,0.000000,-0.850608,4.01e+00
p05_r,4.031711,0.448335,0.000000,-0.858563,4.03e+00
p05_r,4.049164,0.433282,0.000000,-0.866257,4.05e+00
p05_r,4.066617,0.418098,0.000000,-0.873686,4.07e+00
p05_r,4.084070,0.402787,0.000000,-0.880850,4.08e+00
p05_r,4.101524,0.387352,0.000000,-0.887746,4.10e+00
p05_r,4.118977,0.371800,0.000000,-0.894371,4.12e+00
p05_r,4.136430,0.356134,0.000000,-0.900723,4.14e+00
p05_r,4.153884,0.340360,0.000000,-0.906801,4.15e+00
p05_r,4.171337,0.324483,0.000000,-0.912603,4.17e+00
p05_r,4.188790,0.308506,0.000000,-0.918127,4.19e+00
p05_r,4.206243,0.292436,0.000000,-0.923372,4.21e+00
p05_r,4.223697,0.276276,0.000000,-0.928335,4.22e+00
p05_r,4.241150,0.260032,0.000000,-0.933015,4.24e+00
p05_r,4.258603,0.243709,0.000000,-0.937411,4.26e+00
p05_r,4.276057,0.227312,0.000000,-0.941522,4.28e+00
p05_r,4.293510,0.210846,0.000000,-0.945346,4.29e+00
p05_r,4.310963,0.194315,0.000000,-0.948881,4.31e+00
p05_r,4.328417,0.177725,0.000000,-0.952128,4.33e+00
p05_r,4.345870,0.161081,0.000000,-0.955085,4.35e+00
p05_r,4.363323,0.144388,0.000000,-0.957751,4.36e+00
p05_r,4.380776,0.127651,0.000000,-0.960125,4.38e+00
p05_r,4.398230,0.110875,0.000000,-0.962206,4.40e+00
p05_r,4.415683,0.094065,0.000000,-0.963995,4.42e+00
p05_r,4.433136,0.077227,0.000000,-0.965490,4.43e+00
p05_r,4.450590,0.060365,0.000000,-0.966690,4.45e+00
p05_r,4.468043,0.043485,0.000000,-0.967597,4.47e+00
p05_r,4.485496,0.026591,0.000000,-0.968208,4.49e+00
p05_r,4.502949,0.009690,0.000000,-0.968525,4.50e+00
p05_r,4.520403,-0.007215,0.000000,-0.968546,4.52e+00
p05_r,4.537856,-0.024117,0.000000,-0.968273,4.54e+00
p05_r,4.555309,-0.041012,0.000000,-0.967705,4.56e+00
p05_r,4.572763,-0.057895,0.000000,-0.966841,4.57e+00
p05_r,4.590216,-0.074760,0.000000,-0.965684,4.59e+00
p05_r,4.607669,-0.091602,0.000000,-0.964232,4.61e+00
p05_r,4.625123,-0.108416,0.000000,-0.962486,4.63e+00
p05_r,4.642576,-0.125197,0.000000,-0.960448,4.64e+00
p05_r,4.660029,-0.141940,0.000000,-0.958116,4.66e+00
p05_r,4.677482,-0.158640,0.000000,-0.955493,4.68e+00
p05_r,4.694936,-0.175292,0.000000,-0.952579,4.69e+00
p05_r,4.712389,-0.191890,0.000000,-0.949375,4.71e+00
p05_r,4.729842,-0.208429,0.000000,-0.945881,4.73e+00
p05_r,4.747296,-0.224905,0.000000,-0.942100,4.75e+00
p05_r,4.764749,-0.241313,0.000000,-0.938031,4.76e+00
p05_r,4.782202,-0.257647,0.000000,-0.933677,4.78e+00
p05_r,4.799655,-0.273903,0.000000,-0.929038,4.80e+00
p05_r,4.817109,-0.290075,0.000000,-0.924116,4.82e+00
p05_r,4.834562,-0.306159,0.000000,-0.918913,4.83e+00
p05_r,4.852015,-0.322150,0.000000,-0.913430,4.85e+00
p05_r,4.869469,-0.338042,0.000000,-0.907668,4.87e+00
p05_r,4.886922,-0.353832,0.000000,-0.901630,4.89e+00
p05_r,4.904375,-0.369513,0.000000,-0.895318,4.90e+00
p05_r,4.921828,-0.385082,0.000000,-0.888733,4.92e+00
p05_r,4.939282,-0.400534,0.000000,-0.881877,4.94e+00
p05_r,4.956735,-0.415864,0.000000,-0.874752,4.96e+00
p05_r,4.974188,-0.431067,0.000000,-0.867361,4.97e+00
p05_r,4.991642,-0.446139,0.000000,-0.859706,4.99e+00
p05_r,5.009095,-0.461075,0.000000,-0.851789,5.01e+00
p05_r,5.026548,-0.475871,0.000000,-0.843612,5.03e+00
p05_r,5.044002,-0.490521,0.000000,-0.835178,5.04e+00
p05_r,5.061455,-0.505023,0.000000,-0.826490,5.06e+00
p05_r,5.078908,-0.519370,0.000000,-0.817551,5.08e+00
p05_r,5.096361,-0.533559,0.000000,-0.808362,5.10e+00
p05_r,5.113815,-0.547586,0.000000,-0.798927,5.11e+00
p05_r,5.131268,-0.561445,0.000000,-0.789248,5.13e+00
p05_r,5.148721,-0.575134,0.000000,-0.779330,5.15e+00
p05_r,5.166175,-0.588648,0.000000,-0.769174,5.17e+00
p05_r,5.183628,-0.601982,0.000000,-0.758783,5.18e+00
p05_r,5.201081,-0.615133,0.000000,-0.748161,5.20e+00
p05_r,5.218534,-0.628096,0.000000,-0.737312,5.22e+00
p05_r,5.235988,-0.640869,0.000000,-0.726238,5.24e+00
p05_r,5.253441,-0.653446,0.000000,-0.714943,5.25e+00
p05_r,5.270894,-0.665824,0.000000,-0.703429,5.27e+00
p05_r,5.288348,-0.677999,0.000000,-0.691702,5.29e+00
p05_r,5.305801,-0.689967,0.000000,-0.679764,5.31e+00
p05_r,5.323254,-0.701726,0.000000,-0.667619,5.32e+00
p05_r,5.340708,-0.713270,0.000000,-0.655270,5.34e+00
p05_r,5.358161,-0.724598,0.000000,-0.642722,5.36e+00
p05_r,5.375614,-0.735705,0.000000,-0.629978,5.38e+00
p05_r,5.393067,-0.746587,0.000000,-0.617043,5.39e+00
p05_r,5.410521,-0.757242,0.000000,-0.603919,5.41e+00
p05_r,5.427974,-0.767667,0.000000,-0.590611,5.43e+00
p05_r,5.445427,-0.777857,0.000000,-0.577124,5.45e+00
p05_r,5.462881,-0.787811,0.000000,-0.563460,5.46e+00
p05_r,5.480334,-0.797525,0.000000,-0.549625,5.48e+00
p05_r,5.497787,-0.806996,0.000000,-0.535623,5.50e+00
p05_r,5.515240,-0.816221,0.000000,-0.521457,5.52e+00
p05_r,5.532694,-0.825197,0.000000,-0.507133,5.53e+00
p05_r,5.550147,-0.833922,0.000000,-0.492654,5.55e+00
p05_r,5.567600,-0.842393,0.000000,-0.478025,5.57e+00
p05_r,5.585054,-0.850608,0.000000,-0.463250,5.59e+00
p05_r,5.602507,-0.858563,0.000000,-0.448335,5.60e+00
p05_r,5.619960,-0.866257,0.000000,-0.433282,5.62e+00
p05_r,5.637413,-0.873686,0.000000,-0.418098,5.64e+00
p05_r,5.654867,-0.880850,0.000000,-0.402787,5.65e+00
p05_r,5.672320,-0.887746,0.000000,-0.387352,5.67e+00
p05_r,5.689773,-0.894371,0.000000,-0.371800,5.69e+00
p05_r,5.707227,-0.900723,0.000000,-0.356134,5.71e+00
p05_r,5.724680,-0.906801,0.000000,-0.340360,5.72e+00
p05_r,5.742133,-0.912603,0.000000,-0.324483,5.74e+00
p05_r,5.759587,-0.918127,0.000000,-0.308506,5.76e+00
p05_r,5.777040,-0.923372,0.000000,-0.292436,5.78e+00
p05_r,5.794493,-0.928335,0.000000,-0.276276,5.79e+00
p05_r,5.811946,-0.933015,0.000000,-0.260032,5.81e+00
p05_r,5.829400,-0.937411,0.000000,-0.243709,5.83e+00
p05_r,5.846853,-0.941522,0.000000,-0.227312,5.85e+00
p05_r,5.864306,-0.945346,0.000000,-0.210846,5.86e+00
p05_r,5.881760,-0.948881,0.000000,-0.194315,5.88e+00
p05_r,5.899213,-0.952128,0.000000,-0.177725,5.90e+00
p05_r,5.916666,-0.955085,0.000000,-0.161081,5.92e+00
p05_r,5.934119,-0.957751,0.000000,-0.144388,5.93e+00
p05_r,5.951573,-0.960125,0.000000,-0.127651,5.95e+00
p05_r,5.969026,-0.962206,0.000000,-0.110875,5.97e+00
p05_r,5.986479,-0.963995,0.000000,-0.094065,5.99e+00
p05_r,6.003933,-0.965490,0.000000,-0.077227,6.00e+00
p05_r,6.021386,-0.966690,0.000000,-0.060365,6.02e+00
p05_r,6.038839,-0.967597,0.000000,-0.043485,6.04e+00
p05_r,6.056293,-0.968208,0.000000,-0.026591,6.06e+00
p05_r,6.073746,-0.968525,0.000000,-0.009690,6.07e+00
p05_r,6.091199,-0.968546,0.000000,0.007215,6.09e+00
p05_r,6.108652,-0.968273,0.000000,0.024117,6.11e+00
p05_r,6.126106,-0.967705,0.000000,0.041012,6.13e+00
p05_r,6.143559,-0.966841,0.000000,0.057895,6.14e+00
p05_r,6.161012,-0.965684,0.000000,0.074760,6.16e+00
p05_r,6.178466,-0.964232,0.000000,0.091602,6.18e+00
p05_r,6.195919,-0.962486,0.000000,0.108416,6.20e+00
p05_r,6.213372,-0.960448,0.000000,0.125197,6.21e+00
p05_r,6.230825,-0.958116,0.000000,0.141940,6.23e+00
p05_r,6.248279,-0.955493,0.000000,0.158640,6.25e+00
p05_r,6.265732,-0.952579,0.000000,0.175292,6.27e+00
